time,strategy,identifier,symbol,side,type,status,multiplier,time_in_force,asset.strike,asset.multiplier,asset.asset_type,price,filled_quantity,trade_cost
2015-01-02 09:30:00-05:00,BuyEveryDay,63d381cefcc4486ba6e8cffcc12517d7,AAPL,buy,market,new,1,gtc,0.0,1,stock,,,
2015-01-02 09:30:00-05:00,BuyEveryDay,63d381cefcc4486ba6e8cffcc12517d7,AAPL,buy,market,fill,1,gtc,0.0,1,stock,27.84749984741211,3.590986643251318,0.0
2015-01-12 09:30:00-05:00,BuyEveryDay,07f93464de0643fdae58d8be8bfaee74,AAPL,buy,market,new,1,gtc,0.0,1,stock,,,
2015-01-12 09:30:00-05:00,BuyEveryDay,07f93464de0643fdae58d8be8bfaee74,AAPL,buy,market,fill,1,gtc,0.0,1,stock,28.149999618530273,3.5523979167009685,0.0
2015-01-22 09:30:00-05:00,BuyEveryDay,fe7f04b93cae4c0abf1fb7d9fa99fea0,AAPL,buy,market,new,1,gtc,0.0,1,stock,,,
2015-01-22 09:30:00-05:00,BuyEveryDay,fe7f04b93cae4c0abf1fb7d9fa99fea0,AAPL,buy,market,fill,1,gtc,0.0,1,stock,27.565000534057617,3.62778879240166,0.0
2015-02-02 09:30:00-05:00,BuyEveryDay,07e32ef3e8084849be6d6f9601964e63,AAPL,buy,market,new,1,gtc,0.0,1,stock,,,
2015-02-02 09:30:00-05:00,BuyEveryDay,07e32ef3e8084849be6d6f9601964e63,AAPL,buy,market,fill,1,gtc,0.0,1,stock,29.512500762939453,3.3883946603933937,0.0
2015-02-12 09:30:00-05:00,BuyEveryDay,0c44cc577e974283afe06bcfe82d3a62,AAPL,buy,market,new,1,gtc,0.0,1,stock,,,
2015-02-12 09:30:00-05:00,BuyEveryDay,0c44cc577e974283afe06bcfe82d3a62,AAPL,buy,market,fill,1,gtc,0.0,1,stock,31.514999389648438,3.173092239781114,0.0
2015-02-23 09:30:00-05:00,BuyEveryDay,5e0dba5d91ac41468b65b04bea0762ad,AAPL,buy,market,new,1,gtc,0.0,1,stock,,,
2015-02-23 09:30:00-05:00,BuyEveryDay,5e0dba5d91ac41468b65b04bea0762ad,AAPL,buy,market,fill,1,gtc,0.0,1,stock,32.505001068115234,3.0764496758651663,0.0
2015-03-05 09:30:00-05:00,BuyEveryDay,9fa0721ed57c4e0994c98084fc371ce5,AAPL,buy,market,new,1,gtc,0.0,1,stock,,,
2015-03-05 09:30:00-05:00,BuyEveryDay,9fa0721ed57c4e0994c98084fc371ce5,AAPL,buy,market,fill,1,gtc,0.0,1,stock,32.14500045776367,3.1109036732288478,0.0
2015-03-16 09:30:00-04:00,BuyEveryDay,efaeb9fe6c1145039944c27d137d0b10,AAPL,buy,market,new,1,gtc,0.0,1,stock,,,
2015-03-16 09:30:00-04:00,BuyEveryDay,efaeb9fe6c1145039944c27d137d0b10,AAPL,buy,market,fill,1,gtc,0.0,1,stock,31.475000381469727,3.1771246636385424,0.0
2015-03-26 09:30:00-04:00,BuyEveryDay,b591eb2d56b84558be09535fcdee8362,AAPL,buy,market,new,1,gtc,0.0,1,stock,,,
2015-03-26 09:30:00-04:00,BuyEveryDay,b591eb2d56b84558be09535fcdee8362,AAPL,buy,market,fill,1,gtc,0.0,1,stock,31.142499923706055,3.2110460061004535,0.0
2015-04-06 09:30:00-04:00,BuyEveryDay,a47d207e49544f74a06b4994e7adad49,AAPL,buy,market,new,1,gtc,0.0,1,stock,,,
2015-04-06 09:30:00-04:00,BuyEveryDay,a47d207e49544f74a06b4994e7adad49,AAPL,buy,market,fill,1,gtc,0.0,1,stock,31.90999984741211,3.1338138664425585,0.0
2015-04-16 09:30:00-04:00,BuyEveryDay,3d494367a60548e2918efd10776e71c5,AAPL,buy,market,new,1,gtc,0.0,1,stock,,,
2015-04-16 09:30:00-04:00,BuyEveryDay,3d494367a60548e2918efd10776e71c5,AAPL,buy,market,fill,1,gtc,0.0,1,stock,31.387500762939453,3.1859816031633272,0.0
2015-04-27 09:30:00-04:00,BuyEveryDay,2e87bd7afc8d40de83eb0d51194d58bb,AAPL,buy,market,new,1,gtc,0.0,1,stock,,,
2015-04-27 09:30:00-04:00,BuyEveryDay,2e87bd7afc8d40de83eb0d51194d58bb,AAPL,buy,market,fill,1,gtc,0.0,1,stock,33.6150016784668,2.9748622640723625,0.0
2015-05-07 09:30:00-04:00,BuyEveryDay,06363baf77c64f5f8d62b1ff6111e51e,AAPL,buy,market,new,1,gtc,0.0,1,stock,,,
2015-05-07 09:30:00-04:00,BuyEveryDay,06363baf77c64f5f8d62b1ff6111e51e,AAPL,buy,market,fill,1,gtc,0.0,1,stock,31.670000076293945,3.1575623542499875,0.0
2015-05-18 09:30:00-04:00,BuyEveryDay,40a305c2aaa14225bb9c0f64dfddb2c3,AAPL,buy,market,new,1,gtc,0.0,1,stock,,,
2015-05-18 09:30:00-04:00,BuyEveryDay,40a305c2aaa14225bb9c0f64dfddb2c3,AAPL,buy,market,fill,1,gtc,0.0,1,stock,32.67250061035156,3.0606778829875423,0.0
2015-05-28 09:30:00-04:00,BuyEveryDay,de2d831181df4e3a90cb05d4d4e0cae9,AAPL,buy,market,new,1,gtc,0.0,1,stock,,,
2015-05-28 09:30:00-04:00,BuyEveryDay,de2d831181df4e3a90cb05d4d4e0cae9,AAPL,buy,market,fill,1,gtc,0.0,1,stock,32.807498931884766,3.048083616724973,0.0
2015-06-08 09:30:00-04:00,BuyEveryDay,2d04aeb863c84ea286b8d5291d0d7d4a,AAPL,buy,market,new,1,gtc,0.0,1,stock,,,
2015-06-08 09:30:00-04:00,BuyEveryDay,2d04aeb863c84ea286b8d5291d0d7d4a,AAPL,buy,market,fill,1,gtc,0.0,1,stock,31.674999237060547,3.1570640065871722,0.0
2015-06-18 09:30:00-04:00,BuyEveryDay,bbef4f6ef7ea45e09e4a6f94e8941601,AAPL,buy,market,new,1,gtc,0.0,1,stock,,,
2015-06-18 09:30:00-04:00,BuyEveryDay,bbef4f6ef7ea45e09e4a6f94e8941601,AAPL,buy,market,fill,1,gtc,0.0,1,stock,31.927499771118164,3.1320961778053378,0.0
2015-06-29 09:30:00-04:00,BuyEveryDay,a970308c610c451ebea1f273a455daef,AAPL,buy,market,new,1,gtc,0.0,1,stock,,,
2015-06-29 09:30:00-04:00,BuyEveryDay,a970308c610c451ebea1f273a455daef,AAPL,buy,market,fill,1,gtc,0.0,1,stock,31.392499923706055,3.1854742452188387,0.0
2015-07-09 09:30:00-04:00,BuyEveryDay,f3cec5c045dd485f8aafb26d4aadca36,AAPL,buy,market,new,1,gtc,0.0,1,stock,,,
2015-07-09 09:30:00-04:00,BuyEveryDay,f3cec5c045dd485f8aafb26d4aadca36,AAPL,buy,market,fill,1,gtc,0.0,1,stock,30.485000610351562,3.2803017220883293,0.0
2015-07-20 09:30:00-04:00,BuyEveryDay,3ce768ec3649462e9f21112c7f518dc7,AAPL,buy,market,new,1,gtc,0.0,1,stock,,,
2015-07-20 09:30:00-04:00,BuyEveryDay,3ce768ec3649462e9f21112c7f518dc7,AAPL,buy,market,fill,1,gtc,0.0,1,stock,33.212501525878906,3.0109144269690384,0.0
2015-07-30 09:30:00-04:00,BuyEveryDay,2f37411de8a646619480dee0908875e2,AAPL,buy,market,new,1,gtc,0.0,1,stock,,,
2015-07-30 09:30:00-04:00,BuyEveryDay,2f37411de8a646619480dee0908875e2,AAPL,buy,market,fill,1,gtc,0.0,1,stock,30.649999618530273,3.262642781226736,0.0
2015-08-10 09:30:00-04:00,BuyEveryDay,bd18c631ecde4b74be8617a490f1b445,AAPL,buy,market,new,1,gtc,0.0,1,stock,,,
2015-08-10 09:30:00-04:00,BuyEveryDay,bd18c631ecde4b74be8617a490f1b445,AAPL,buy,market,fill,1,gtc,0.0,1,stock,29.452499389648438,3.3952975833061774,0.0
2015-08-20 09:30:00-04:00,BuyEveryDay,f06be2a6ea4546af873f0fe065de1edf,AAPL,buy,market,new,1,gtc,0.0,1,stock,,,
2015-08-20 09:30:00-04:00,BuyEveryDay,f06be2a6ea4546af873f0fe065de1edf,AAPL,buy,market,fill,1,gtc,0.0,1,stock,27.607500076293945,3.622204101191624,0.0
2015-08-31 09:30:00-04:00,BuyEveryDay,68ac10d982414b16b8b67ea5dffa7a4b,AAPL,buy,market,new,1,gtc,0.0,1,stock,,,
2015-08-31 09:30:00-04:00,BuyEveryDay,68ac10d982414b16b8b67ea5dffa7a4b,AAPL,buy,market,fill,1,gtc,0.0,1,stock,27.537500381469727,3.631411660997781,0.0
2015-09-10 09:30:00-04:00,BuyEveryDay,b8b211e78fc445fea73dabedd6cb65e5,AAPL,buy,market,new,1,gtc,0.0,1,stock,,,
2015-09-10 09:30:00-04:00,BuyEveryDay,b8b211e78fc445fea73dabedd6cb65e5,AAPL,buy,market,fill,1,gtc,0.0,1,stock,27.947500228881836,3.5781375500860295,0.0
2015-09-21 09:30:00-04:00,BuyEveryDay,aed76d6f71be42afbea8e5c7502126b8,AAPL,buy,market,new,1,gtc,0.0,1,stock,,,
2015-09-21 09:30:00-04:00,BuyEveryDay,aed76d6f71be42afbea8e5c7502126b8,AAPL,buy,market,fill,1,gtc,0.0,1,stock,28.344999313354492,3.5279591611380248,0.0
2015-10-01 09:30:00-04:00,BuyEveryDay,5d0009cb1eca444ca7d77f2540b17ee4,AAPL,buy,market,new,1,gtc,0.0,1,stock,,,
2015-10-01 09:30:00-04:00,BuyEveryDay,5d0009cb1eca444ca7d77f2540b17ee4,AAPL,buy,market,fill,1,gtc,0.0,1,stock,27.002500534057617,3.7033607266805664,0.0
2015-10-12 09:30:00-04:00,BuyEveryDay,0eb79d1ee50d464d88fa43f728b2baf9,AAPL,buy,market,new,1,gtc,0.0,1,stock,,,
2015-10-12 09:30:00-04:00,BuyEveryDay,0eb79d1ee50d464d88fa43f728b2baf9,AAPL,buy,market,fill,1,gtc,0.0,1,stock,27.704999923706055,3.6094567866948095,0.0
2015-10-22 09:30:00-04:00,BuyEveryDay,4ec58e1df54e4e49a2af229ccc8950f6,AAPL,buy,market,new,1,gtc,0.0,1,stock,,,
2015-10-22 09:30:00-04:00,BuyEveryDay,4ec58e1df54e4e49a2af229ccc8950f6,AAPL,buy,market,fill,1,gtc,0.0,1,stock,29.174999237060547,3.4275922061712194,0.0
2015-11-02 09:30:00-05:00,BuyEveryDay,f24981c4736e4367a3f0a60c36c48c13,AAPL,buy,market,new,1,gtc,0.0,1,stock,,,
2015-11-02 09:30:00-05:00,BuyEveryDay,f24981c4736e4367a3f0a60c36c48c13,AAPL,buy,market,fill,1,gtc,0.0,1,stock,30.200000762939453,3.3112581944937247,0.0
2015-11-12 09:30:00-05:00,BuyEveryDay,43ee2de3e5184eeaa7b9dde320a55cd8,AAPL,buy,market,new,1,gtc,0.0,1,stock,,,
2015-11-12 09:30:00-05:00,BuyEveryDay,43ee2de3e5184eeaa7b9dde320a55cd8,AAPL,buy,market,fill,1,gtc,0.0,1,stock,29.065000534057617,3.440564189318441,0.0
2015-11-23 09:30:00-05:00,BuyEveryDay,6f621aaef0894806ad22764a5d10690c,AAPL,buy,market,new,1,gtc,0.0,1,stock,,,
2015-11-23 09:30:00-05:00,BuyEveryDay,6f621aaef0894806ad22764a5d10690c,AAPL,buy,market,fill,1,gtc,0.0,1,stock,29.8174991607666,3.3537353169972897,0.0
2015-12-03 09:30:00-05:00,BuyEveryDay,eb319e15af3b4554b66e909fd331d1a8,AAPL,buy,market,new,1,gtc,0.0,1,stock,,,
2015-12-03 09:30:00-05:00,BuyEveryDay,eb319e15af3b4554b66e909fd331d1a8,AAPL,buy,market,fill,1,gtc,0.0,1,stock,29.137500762939453,3.432003342139485,0.0
2015-12-14 09:30:00-05:00,BuyEveryDay,09cd080f858d420ca3094ddd4dee227d,AAPL,buy,market,new,1,gtc,0.0,1,stock,,,
2015-12-14 09:30:00-05:00,BuyEveryDay,09cd080f858d420ca3094ddd4dee227d,AAPL,buy,market,fill,1,gtc,0.0,1,stock,28.045000076293945,3.565697975680472,0.0
2015-12-24 09:30:00-05:00,BuyEveryDay,f8b9a0b5fac146188f87653fe133dba7,AAPL,buy,market,new,1,gtc,0.0,1,stock,,,
2015-12-24 09:30:00-05:00,BuyEveryDay,f8b9a0b5fac146188f87653fe133dba7,AAPL,buy,market,fill,1,gtc,0.0,1,stock,27.25,3.669724770642202,0.0
2016-01-04 09:30:00-05:00,BuyEveryDay,1b9b67a12c0443209cb3313296900734,AAPL,buy,market,new,1,gtc,0.0,1,stock,,,
2016-01-04 09:30:00-05:00,BuyEveryDay,1b9b67a12c0443209cb3313296900734,AAPL,buy,market,fill,1,gtc,0.0,1,stock,25.65250015258789,3.898255507462174,0.0
2016-01-14 09:30:00-05:00,BuyEveryDay,7efd67ca8f054ac5aa84d9b4611414cf,AAPL,buy,market,new,1,gtc,0.0,1,stock,,,
2016-01-14 09:30:00-05:00,BuyEveryDay,7efd67ca8f054ac5aa84d9b4611414cf,AAPL,buy,market,fill,1,gtc,0.0,1,stock,24.489999771118164,4.083299344001349,0.0
2016-01-25 09:30:00-05:00,BuyEveryDay,adc67c069f014c37bc84b42e9ffe0736,AAPL,buy,market,new,1,gtc,0.0,1,stock,,,
2016-01-25 09:30:00-05:00,BuyEveryDay,adc67c069f014c37bc84b42e9ffe0736,AAPL,buy,market,fill,1,gtc,0.0,1,stock,25.3799991607666,3.9401104533755826,0.0
2016-02-04 09:30:00-05:00,BuyEveryDay,e3d237e3bbcd47ae98604f5a2e02b592,AAPL,buy,market,new,1,gtc,0.0,1,stock,,,
2016-02-04 09:30:00-05:00,BuyEveryDay,e3d237e3bbcd47ae98604f5a2e02b592,AAPL,buy,market,fill,1,gtc,0.0,1,stock,23.96500015258789,4.17275190332938,0.0
2016-02-16 09:30:00-05:00,BuyEveryDay,b347214bd5a74cbc8a25905b9ef246fa,AAPL,buy,market,new,1,gtc,0.0,1,stock,,,
2016-02-16 09:30:00-05:00,BuyEveryDay,b347214bd5a74cbc8a25905b9ef246fa,AAPL,buy,market,fill,1,gtc,0.0,1,stock,23.7549991607666,4.209640224494661,0.0
2016-02-26 09:30:00-05:00,BuyEveryDay,0fb2d3c7ebc547f3a2017c63ec49a4cd,AAPL,buy,market,new,1,gtc,0.0,1,stock,,,
2016-02-26 09:30:00-05:00,BuyEveryDay,0fb2d3c7ebc547f3a2017c63ec49a4cd,AAPL,buy,market,fill,1,gtc,0.0,1,stock,24.299999237060547,4.11522646665303,0.0
2016-03-07 09:30:00-05:00,BuyEveryDay,8bfca36de79d4524a4efc151ac1dc8fe,AAPL,buy,market,new,1,gtc,0.0,1,stock,,,
2016-03-07 09:30:00-05:00,BuyEveryDay,8bfca36de79d4524a4efc151ac1dc8fe,AAPL,buy,market,fill,1,gtc,0.0,1,stock,25.59749984741211,3.9066315302707166,0.0
2016-03-17 10:30:00-04:00,BuyEveryDay,bd2c6d650885415694a35916825de159,AAPL,buy,market,new,1,gtc,0.0,1,stock,,,
2016-03-17 10:30:00-04:00,BuyEveryDay,bd2c6d650885415694a35916825de159,AAPL,buy,market,fill,1,gtc,0.0,1,stock,26.584999084472656,3.7615197834784357,0.0
2016-03-28 09:30:00-04:00,BuyEveryDay,49f12af696af42cea7327a15259ce435,AAPL,buy,market,new,1,gtc,0.0,1,stock,,,
2016-03-28 09:30:00-04:00,BuyEveryDay,49f12af696af42cea7327a15259ce435,AAPL,buy,market,fill,1,gtc,0.0,1,stock,26.22249984741211,3.8135189467784083,0.0
2016-04-07 09:30:00-04:00,BuyEveryDay,743980d6c2c54a7c9d16994239d860a1,AAPL,buy,market,new,1,gtc,0.0,1,stock,,,
2016-04-07 09:30:00-04:00,BuyEveryDay,743980d6c2c54a7c9d16994239d860a1,AAPL,buy,market,fill,1,gtc,0.0,1,stock,27.227500915527344,3.672757199063093,0.0
2016-04-18 09:30:00-04:00,BuyEveryDay,7083561fcf6648b291642342f1f1562c,AAPL,buy,market,new,1,gtc,0.0,1,stock,,,
2016-04-18 09:30:00-04:00,BuyEveryDay,7083561fcf6648b291642342f1f1562c,AAPL,buy,market,fill,1,gtc,0.0,1,stock,26.969999313354492,3.707823602000757,0.0
2016-04-28 09:30:00-04:00,BuyEveryDay,c3c039f331ca4b2689415d591109659b,AAPL,buy,market,new,1,gtc,0.0,1,stock,,,
2016-04-28 09:30:00-04:00,BuyEveryDay,c3c039f331ca4b2689415d591109659b,AAPL,buy,market,fill,1,gtc,0.0,1,stock,23.497499465942383,4.255771987353014,0.0
2016-05-09 09:30:00-04:00,BuyEveryDay,6e92fe5d31004fe6be0f6dc52e5dd3f8,AAPL,buy,market,new,1,gtc,0.0,1,stock,,,
2016-05-09 09:30:00-04:00,BuyEveryDay,6e92fe5d31004fe6be0f6dc52e5dd3f8,AAPL,buy,market,fill,1,gtc,0.0,1,stock,23.332500457763672,4.285867268320397,0.0
2016-05-19 09:30:00-04:00,BuyEveryDay,6155f053f1534e44a7d35bf73111de5a,AAPL,buy,market,new,1,gtc,0.0,1,stock,,,
2016-05-19 09:30:00-04:00,BuyEveryDay,6155f053f1534e44a7d35bf73111de5a,AAPL,buy,market,fill,1,gtc,0.0,1,stock,23.65999984741211,4.226542715338937,0.0
2016-05-31 09:30:00-04:00,BuyEveryDay,598d77384b2d4db3833a15bcab5e6752,AAPL,buy,market,new,1,gtc,0.0,1,stock,,,
2016-05-31 09:30:00-04:00,BuyEveryDay,598d77384b2d4db3833a15bcab5e6752,AAPL,buy,market,fill,1,gtc,0.0,1,stock,24.7549991607666,4.039588098976258,0.0
2016-06-10 09:30:00-04:00,BuyEveryDay,1d341ec445624d27aef291c196a72518,AAPL,buy,market,new,1,gtc,0.0,1,stock,,,
2016-06-10 09:30:00-04:00,BuyEveryDay,1d341ec445624d27aef291c196a72518,AAPL,buy,market,fill,1,gtc,0.0,1,stock,24.63249969482422,4.059677305954134,0.0
2016-06-20 09:30:00-04:00,BuyEveryDay,1244d0c0b48a417ab06ae6053b12d295,AAPL,buy,market,new,1,gtc,0.0,1,stock,,,
2016-06-20 09:30:00-04:00,BuyEveryDay,1244d0c0b48a417ab06ae6053b12d295,AAPL,buy,market,fill,1,gtc,0.0,1,stock,23.735000610351562,4.213187167831246,0.0
2016-06-30 09:30:00-04:00,BuyEveryDay,1a8b54b6330d4183919296bfeacd8f2a,AAPL,buy,market,new,1,gtc,0.0,1,stock,,,
2016-06-30 09:30:00-04:00,BuyEveryDay,1a8b54b6330d4183919296bfeacd8f2a,AAPL,buy,market,fill,1,gtc,0.0,1,stock,23.872499465942383,4.1889203995025595,0.0
2016-07-11 09:30:00-04:00,BuyEveryDay,6cf38afa10ca4e6c808e397e1296aeb1,AAPL,buy,market,new,1,gtc,0.0,1,stock,,,
2016-07-11 09:30:00-04:00,BuyEveryDay,6cf38afa10ca4e6c808e397e1296aeb1,AAPL,buy,market,fill,1,gtc,0.0,1,stock,24.292499542236328,4.1164969387417,0.0
2016-07-21 09:30:00-04:00,BuyEveryDay,5af3e4a42e4d480c94098035ce46bf1d,AAPL,buy,market,new,1,gtc,0.0,1,stock,,,
2016-07-21 09:30:00-04:00,BuyEveryDay,5af3e4a42e4d480c94098035ce46bf1d,AAPL,buy,market,fill,1,gtc,0.0,1,stock,24.815000534057617,4.02982058625201,0.0
2016-08-01 09:30:00-04:00,BuyEveryDay,14588333b8d04bcfb714fa7d7c929fd3,AAPL,buy,market,new,1,gtc,0.0,1,stock,,,
2016-08-01 09:30:00-04:00,BuyEveryDay,14588333b8d04bcfb714fa7d7c929fd3,AAPL,buy,market,fill,1,gtc,0.0,1,stock,26.512500762939453,3.7718056434640514,0.0
2016-08-11 09:30:00-04:00,BuyEveryDay,6fcf5a73dbcf461ca56c5abfc21a820c,AAPL,buy,market,new,1,gtc,0.0,1,stock,,,
2016-08-11 09:30:00-04:00,BuyEveryDay,6fcf5a73dbcf461ca56c5abfc21a820c,AAPL,buy,market,fill,1,gtc,0.0,1,stock,26.94499969482422,3.7112637273181597,0.0
2016-08-22 09:30:00-04:00,BuyEveryDay,68aa3bfd22e44846b404c496d7016c5e,AAPL,buy,market,new,1,gtc,0.0,1,stock,,,
2016-08-22 09:30:00-04:00,BuyEveryDay,68aa3bfd22e44846b404c496d7016c5e,AAPL,buy,market,fill,1,gtc,0.0,1,stock,27.147499084472656,3.6835805644136195,0.0
2016-09-01 09:30:00-04:00,BuyEveryDay,e97a235adfde4fe0b82f68bc40fa911b,AAPL,buy,market,new,1,gtc,0.0,1,stock,,,
2016-09-01 09:30:00-04:00,BuyEveryDay,e97a235adfde4fe0b82f68bc40fa911b,AAPL,buy,market,fill,1,gtc,0.0,1,stock,26.924999237060547,3.7140205323518214,0.0
2016-09-12 09:30:00-04:00,BuyEveryDay,52ae079f3b464ae487dcb1fc8d85b295,AAPL,buy,market,new,1,gtc,0.0,1,stock,,,
2016-09-12 09:30:00-04:00,BuyEveryDay,52ae079f3b464ae487dcb1fc8d85b295,AAPL,buy,market,fill,1,gtc,0.0,1,stock,26.877500534057617,3.7205840577804388,0.0
2016-09-22 09:30:00-04:00,BuyEveryDay,03cc6114526d46f7a40dab0ba8cecca8,AAPL,buy,market,new,1,gtc,0.0,1,stock,,,
2016-09-22 09:30:00-04:00,BuyEveryDay,03cc6114526d46f7a40dab0ba8cecca8,AAPL,buy,market,fill,1,gtc,0.0,1,stock,28.604999542236328,3.495892382460847,0.0
2016-10-03 09:30:00-04:00,BuyEveryDay,b1a05d480cd94621a3d68e8e03d19d65,AAPL,buy,market,new,1,gtc,0.0,1,stock,,,
2016-10-03 09:30:00-04:00,BuyEveryDay,b1a05d480cd94621a3d68e8e03d19d65,AAPL,buy,market,fill,1,gtc,0.0,1,stock,28.264999389648438,3.5379445306700856,0.0
2016-10-13 09:30:00-04:00,BuyEveryDay,017f83386e5646daa9a2ae5760472012,AAPL,buy,market,new,1,gtc,0.0,1,stock,,,
2016-10-13 09:30:00-04:00,BuyEveryDay,017f83386e5646daa9a2ae5760472012,AAPL,buy,market,fill,1,gtc,0.0,1,stock,29.469999313354492,3.393281382082844,0.0
2016-10-24 09:30:00-04:00,BuyEveryDay,ec27c15c87e343ac9013ee3e251af194,AAPL,buy,market,new,1,gtc,0.0,1,stock,,,
2016-10-24 09:30:00-04:00,BuyEveryDay,ec27c15c87e343ac9013ee3e251af194,AAPL,buy,market,fill,1,gtc,0.0,1,stock,29.487499237060547,3.391267573966319,0.0
2016-11-03 09:30:00-04:00,BuyEveryDay,490293a00c6c435f9a33452810b4bfe4,AAPL,buy,market,new,1,gtc,0.0,1,stock,,,
2016-11-03 09:30:00-04:00,BuyEveryDay,490293a00c6c435f9a33452810b4bfe4,AAPL,buy,market,fill,1,gtc,0.0,1,stock,27.13249969482422,3.685616921579693,0.0
2016-11-14 09:30:00-05:00,BuyEveryDay,cd53873ae5f24d1f820ddae9becbe796,AAPL,buy,market,new,1,gtc,0.0,1,stock,,,
2016-11-14 09:30:00-05:00,BuyEveryDay,cd53873ae5f24d1f820ddae9becbe796,AAPL,buy,market,fill,1,gtc,0.0,1,stock,26.927499771118164,3.7136756420014074,0.0
2016-11-25 09:30:00-05:00,BuyEveryDay,80c9c890bd7e4a5d948c360d150783e7,AAPL,buy,market,new,1,gtc,0.0,1,stock,,,
2016-11-25 09:30:00-05:00,BuyEveryDay,80c9c890bd7e4a5d948c360d150783e7,AAPL,buy,market,fill,1,gtc,0.0,1,stock,27.782499313354492,3.5993881929813276,0.0
2016-12-05 09:30:00-05:00,BuyEveryDay,4f97f44072254f29b689835fb3023d3d,AAPL,buy,market,new,1,gtc,0.0,1,stock,,,
2016-12-05 09:30:00-05:00,BuyEveryDay,4f97f44072254f29b689835fb3023d3d,AAPL,buy,market,fill,1,gtc,0.0,1,stock,27.5,3.6363636363636362,0.0
2016-12-15 09:30:00-05:00,BuyEveryDay,464890cdf4964f2d91a347a6388b0e1e,AAPL,buy,market,new,1,gtc,0.0,1,stock,,,
2016-12-15 09:30:00-05:00,BuyEveryDay,464890cdf4964f2d91a347a6388b0e1e,AAPL,buy,market,fill,1,gtc,0.0,1,stock,28.844999313354492,3.466805421406357,0.0
2016-12-27 09:30:00-05:00,BuyEveryDay,3ba0bcb165b9409abda2367c59af9aba,AAPL,buy,market,new,1,gtc,0.0,1,stock,,,
2016-12-27 09:30:00-05:00,BuyEveryDay,3ba0bcb165b9409abda2367c59af9aba,AAPL,buy,market,fill,1,gtc,0.0,1,stock,29.1299991607666,3.432887156917046,0.0
2017-01-06 09:30:00-05:00,BuyEveryDay,9c26f93400e049509d237f5e4a2f9149,AAPL,buy,market,new,1,gtc,0.0,1,stock,,,
2017-01-06 09:30:00-05:00,BuyEveryDay,9c26f93400e049509d237f5e4a2f9149,AAPL,buy,market,fill,1,gtc,0.0,1,stock,29.19499969482422,3.4252440844425944,0.0
2017-01-17 09:30:00-05:00,BuyEveryDay,ababefb086754e7199121eba8fad3d14,AAPL,buy,market,new,1,gtc,0.0,1,stock,,,
2017-01-17 09:30:00-05:00,BuyEveryDay,ababefb086754e7199121eba8fad3d14,AAPL,buy,market,fill,1,gtc,0.0,1,stock,29.584999084472656,3.380091367063244,0.0
2017-01-27 09:30:00-05:00,BuyEveryDay,d4ae2b621807454581b02cdab1720755,AAPL,buy,market,new,1,gtc,0.0,1,stock,,,
2017-01-27 09:30:00-05:00,BuyEveryDay,d4ae2b621807454581b02cdab1720755,AAPL,buy,market,fill,1,gtc,0.0,1,stock,30.53499984741211,3.2749304240941455,0.0
2017-02-06 09:30:00-05:00,BuyEveryDay,6f2f1cd5f8154ec5b0b489dfa905610d,AAPL,buy,market,new,1,gtc,0.0,1,stock,,,
2017-02-06 09:30:00-05:00,BuyEveryDay,6f2f1cd5f8154ec5b0b489dfa905610d,AAPL,buy,market,fill,1,gtc,0.0,1,stock,32.282501220703125,3.097653410320911,0.0
2017-02-16 09:30:00-05:00,BuyEveryDay,cdc33498ebf94e55bd6eb06336b929f4,AAPL,buy,market,new,1,gtc,0.0,1,stock,,,
2017-02-16 09:30:00-05:00,BuyEveryDay,cdc33498ebf94e55bd6eb06336b929f4,AAPL,buy,market,fill,1,gtc,0.0,1,stock,33.91749954223633,2.948330547641737,0.0
2017-02-27 09:30:00-05:00,BuyEveryDay,10e91d7308444d4a9c27250ba9e60168,AAPL,buy,market,new,1,gtc,0.0,1,stock,,,
2017-02-27 09:30:00-05:00,BuyEveryDay,10e91d7308444d4a9c27250ba9e60168,AAPL,buy,market,fill,1,gtc,0.0,1,stock,34.28499984741211,2.9167274448026044,0.0
2017-03-09 09:30:00-05:00,BuyEveryDay,e70f6aeffea7497288501d0157deab1b,AAPL,buy,market,new,1,gtc,0.0,1,stock,,,
2017-03-09 09:30:00-05:00,BuyEveryDay,e70f6aeffea7497288501d0157deab1b,AAPL,buy,market,fill,1,gtc,0.0,1,stock,34.685001373291016,2.8830905590508182,0.0
2017-03-20 09:30:00-04:00,BuyEveryDay,6d8018c003344ceb978faa9f72fcbbca,AAPL,buy,market,new,1,gtc,0.0,1,stock,,,
2017-03-20 09:30:00-04:00,BuyEveryDay,6d8018c003344ceb978faa9f72fcbbca,AAPL,buy,market,fill,1,gtc,0.0,1,stock,35.52750015258789,2.814720978692778,0.0
2017-03-30 09:30:00-04:00,BuyEveryDay,ceeb32051c9e4dc997d3f3ec9288a60c,AAPL,buy,market,new,1,gtc,0.0,1,stock,,,
2017-03-30 09:30:00-04:00,BuyEveryDay,ceeb32051c9e4dc997d3f3ec9288a60c,AAPL,buy,market,fill,1,gtc,0.0,1,stock,35.93000030517578,2.7831895115679925,0.0
2017-04-10 09:30:00-04:00,BuyEveryDay,040306d9309140b9b5bb600146c260f6,AAPL,buy,market,new,1,gtc,0.0,1,stock,,,
2017-04-10 09:30:00-04:00,BuyEveryDay,040306d9309140b9b5bb600146c260f6,AAPL,buy,market,fill,1,gtc,0.0,1,stock,35.73500061035156,2.7983768935779008,0.0
2017-04-20 09:30:00-04:00,BuyEveryDay,a0f49fefa5b5489dad7ecaa110747cfe,AAPL,buy,market,new,1,gtc,0.0,1,stock,,,
2017-04-20 09:30:00-04:00,BuyEveryDay,a0f49fefa5b5489dad7ecaa110747cfe,AAPL,buy,market,fill,1,gtc,0.0,1,stock,35.61000061035156,2.8081998957037575,0.0
2017-05-01 09:30:00-04:00,BuyEveryDay,76317faf9f4b4f93a577f282e94e871d,AAPL,buy,market,new,1,gtc,0.0,1,stock,,,
2017-05-01 09:30:00-04:00,BuyEveryDay,76317faf9f4b4f93a577f282e94e871d,AAPL,buy,market,fill,1,gtc,0.0,1,stock,36.8849983215332,2.7111293086767123,0.0
2017-05-11 09:30:00-04:00,BuyEveryDay,953af6645b9f401b8cb22c8db3034dba,AAPL,buy,market,new,1,gtc,0.0,1,stock,,,
2017-05-11 09:30:00-04:00,BuyEveryDay,953af6645b9f401b8cb22c8db3034dba,AAPL,buy,market,fill,1,gtc,0.0,1,stock,38.67499923706055,2.5856496954801336,0.0
2017-05-22 09:30:00-04:00,BuyEveryDay,fa4df71f7acb420faed8d56f8d494eeb,AAPL,buy,market,new,1,gtc,0.0,1,stock,,,
2017-05-22 09:30:00-04:00,BuyEveryDay,fa4df71f7acb420faed8d56f8d494eeb,AAPL,buy,market,fill,1,gtc,0.0,1,stock,38.724998474121094,2.5823112702464632,0.0
2017-06-01 09:30:00-04:00,BuyEveryDay,a4ec448c790749348a6bbd786f3a8d0d,AAPL,buy,market,new,1,gtc,0.0,1,stock,,,
2017-06-01 09:30:00-04:00,BuyEveryDay,a4ec448c790749348a6bbd786f3a8d0d,AAPL,buy,market,fill,1,gtc,0.0,1,stock,38.39500045776367,2.6045057639732225,0.0
2017-06-12 09:30:00-04:00,BuyEveryDay,ec74ec16945f4731aa004ce9a5c61fb6,AAPL,buy,market,new,1,gtc,0.0,1,stock,,,
2017-06-12 09:30:00-04:00,BuyEveryDay,ec74ec16945f4731aa004ce9a5c61fb6,AAPL,buy,market,fill,1,gtc,0.0,1,stock,36.790000915527344,2.718129858969225,0.0
2017-06-22 09:30:00-04:00,BuyEveryDay,25e4b89bcdf94a2f8c2d03e407b1cd51,AAPL,buy,market,new,1,gtc,0.0,1,stock,,,
2017-06-22 09:30:00-04:00,BuyEveryDay,25e4b89bcdf94a2f8c2d03e407b1cd51,AAPL,buy,market,fill,1,gtc,0.0,1,stock,36.282501220703125,2.7561495661974673,0.0
2017-07-03 09:30:00-04:00,BuyEveryDay,59136a6512364c17a2036f1447c447ce,AAPL,buy,market,new,1,gtc,0.0,1,stock,,,
2017-07-03 09:30:00-04:00,BuyEveryDay,59136a6512364c17a2036f1447c447ce,AAPL,buy,market,fill,1,gtc,0.0,1,stock,36.220001220703125,2.760905483979957,0.0
2017-07-13 09:30:00-04:00,BuyEveryDay,1ec7358df8a549d89d96b5fa83a4d183,AAPL,buy,market,new,1,gtc,0.0,1,stock,,,
2017-07-13 09:30:00-04:00,BuyEveryDay,1ec7358df8a549d89d96b5fa83a4d183,AAPL,buy,market,fill,1,gtc,0.0,1,stock,36.99250030517578,2.703250636616432,0.0
2017-07-24 09:30:00-04:00,BuyEveryDay,2efacb8890a3439892544aa6d212fc8c,AAPL,buy,market,new,1,gtc,0.0,1,stock,,,
2017-07-24 09:30:00-04:00,BuyEveryDay,2efacb8890a3439892544aa6d212fc8c,AAPL,buy,market,fill,1,gtc,0.0,1,stock,37.95000076293945,2.635046060332527,0.0
2017-08-03 09:30:00-04:00,BuyEveryDay,47f67c4bcfab45828f47bda1d6a65795,AAPL,buy,market,new,1,gtc,0.0,1,stock,,,
2017-08-03 09:30:00-04:00,BuyEveryDay,47f67c4bcfab45828f47bda1d6a65795,AAPL,buy,market,fill,1,gtc,0.0,1,stock,39.01750183105469,2.56295240102759,0.0
2017-08-14 09:30:00-04:00,BuyEveryDay,433a32d45434413088e8fc3dd891a853,AAPL,buy,market,new,1,gtc,0.0,1,stock,,,
2017-08-14 09:30:00-04:00,BuyEveryDay,433a32d45434413088e8fc3dd891a853,AAPL,buy,market,fill,1,gtc,0.0,1,stock,40.165000915527344,2.4897298075584287,0.0
2017-08-24 09:30:00-04:00,BuyEveryDay,2a1d40c752644b0b869c4eb77f974deb,AAPL,buy,market,new,1,gtc,0.0,1,stock,,,
2017-08-24 09:30:00-04:00,BuyEveryDay,2a1d40c752644b0b869c4eb77f974deb,AAPL,buy,market,fill,1,gtc,0.0,1,stock,39.912498474121094,2.5054808349028588,0.0
2017-09-05 09:30:00-04:00,BuyEveryDay,ccf4c2b293da4a43a50cc0cc6b5062c6,AAPL,buy,market,new,1,gtc,0.0,1,stock,,,
2017-09-05 09:30:00-04:00,BuyEveryDay,ccf4c2b293da4a43a50cc0cc6b5062c6,AAPL,buy,market,fill,1,gtc,0.0,1,stock,40.6775016784668,2.4583614006200483,0.0
2017-09-15 09:30:00-04:00,BuyEveryDay,26e5262c1f124fbdb7fc20f27f2b2058,AAPL,buy,market,new,1,gtc,0.0,1,stock,,,
2017-09-15 09:30:00-04:00,BuyEveryDay,26e5262c1f124fbdb7fc20f27f2b2058,AAPL,buy,market,fill,1,gtc,0.0,1,stock,39.61750030517578,2.5241370411988266,0.0
2017-09-25 09:30:00-04:00,BuyEveryDay,9f73669dbe9346b0afcada1887c647a9,AAPL,buy,market,new,1,gtc,0.0,1,stock,,,
2017-09-25 09:30:00-04:00,BuyEveryDay,9f73669dbe9346b0afcada1887c647a9,AAPL,buy,market,fill,1,gtc,0.0,1,stock,37.94499969482422,2.6353933536502367,0.0
2017-10-05 09:30:00-04:00,BuyEveryDay,b2ae72e3ca754a6ca400cc5e2b7a5160,AAPL,buy,market,new,1,gtc,0.0,1,stock,,,
2017-10-05 09:30:00-04:00,BuyEveryDay,b2ae72e3ca754a6ca400cc5e2b7a5160,AAPL,buy,market,fill,1,gtc,0.0,1,stock,38.74250030517578,2.581144717359415,0.0
2017-10-16 09:30:00-04:00,BuyEveryDay,d8b2bc0e3f724da599c3f959e196bb8d,AAPL,buy,market,new,1,gtc,0.0,1,stock,,,
2017-10-16 09:30:00-04:00,BuyEveryDay,d8b2bc0e3f724da599c3f959e196bb8d,AAPL,buy,market,fill,1,gtc,0.0,1,stock,39.94499969482422,2.503442252196519,0.0
2017-10-26 09:30:00-04:00,BuyEveryDay,d1d2c350855e4d1b83b8c99b398dc20e,AAPL,buy,market,new,1,gtc,0.0,1,stock,,,
2017-10-26 09:30:00-04:00,BuyEveryDay,d1d2c350855e4d1b83b8c99b398dc20e,AAPL,buy,market,fill,1,gtc,0.0,1,stock,39.8224983215332,2.5111433037823003,0.0
2017-11-06 09:30:00-05:00,BuyEveryDay,1fa508ff54b241d6964eee0c15a40434,AAPL,buy,market,new,1,gtc,0.0,1,stock,,,
2017-11-06 09:30:00-05:00,BuyEveryDay,1fa508ff54b241d6964eee0c15a40434,AAPL,buy,market,fill,1,gtc,0.0,1,stock,43.092498779296875,2.3205894954516646,0.0
2017-11-16 09:30:00-05:00,BuyEveryDay,e44393fe2fd346d79511b269fea46e26,AAPL,buy,market,new,1,gtc,0.0,1,stock,,,
2017-11-16 09:30:00-05:00,BuyEveryDay,e44393fe2fd346d79511b269fea46e26,AAPL,buy,market,fill,1,gtc,0.0,1,stock,42.79499816894531,2.3367216796042807,0.0
2017-11-27 09:30:00-05:00,BuyEveryDay,7355cd38a6ed4e108911a2f60fad5a1c,AAPL,buy,market,new,1,gtc,0.0,1,stock,,,
2017-11-27 09:30:00-05:00,BuyEveryDay,7355cd38a6ed4e108911a2f60fad5a1c,AAPL,buy,market,fill,1,gtc,0.0,1,stock,43.76250076293945,2.2850613711884953,0.0
2017-12-07 09:30:00-05:00,BuyEveryDay,cdb6230a80a14c87af8ab7f09040472a,AAPL,buy,market,new,1,gtc,0.0,1,stock,,,
2017-12-07 09:30:00-05:00,BuyEveryDay,cdb6230a80a14c87af8ab7f09040472a,AAPL,buy,market,fill,1,gtc,0.0,1,stock,42.25749969482422,2.3664438436296833,0.0
2017-12-18 09:30:00-05:00,BuyEveryDay,7b0411e99d10407f8e9344a7010a2592,AAPL,buy,market,new,1,gtc,0.0,1,stock,,,
2017-12-18 09:30:00-05:00,BuyEveryDay,7b0411e99d10407f8e9344a7010a2592,AAPL,buy,market,fill,1,gtc,0.0,1,stock,43.720001220703125,2.2872826442796645,0.0
2017-12-28 09:30:00-05:00,BuyEveryDay,3183ba8c43154335abc29f6c80247960,AAPL,buy,market,new,1,gtc,0.0,1,stock,,,
2017-12-28 09:30:00-05:00,BuyEveryDay,3183ba8c43154335abc29f6c80247960,AAPL,buy,market,fill,1,gtc,0.0,1,stock,42.75,2.3391812865497075,0.0
2018-01-08 09:30:00-05:00,BuyEveryDay,27fcce804a6d4deebdee585e5998d257,AAPL,buy,market,new,1,gtc,0.0,1,stock,,,
2018-01-08 09:30:00-05:00,BuyEveryDay,27fcce804a6d4deebdee585e5998d257,AAPL,buy,market,fill,1,gtc,0.0,1,stock,43.587501525878906,2.2942356524066354,0.0
2018-01-18 09:30:00-05:00,BuyEveryDay,e4e187e663c645e3a852fb3f318c13fd,AAPL,buy,market,new,1,gtc,0.0,1,stock,,,
2018-01-18 09:30:00-05:00,BuyEveryDay,e4e187e663c645e3a852fb3f318c13fd,AAPL,buy,market,fill,1,gtc,0.0,1,stock,44.842498779296875,2.2300273785404783,0.0
2018-01-29 09:30:00-05:00,BuyEveryDay,879e9386fc54413582cdb9879f70b999,AAPL,buy,market,new,1,gtc,0.0,1,stock,,,
2018-01-29 09:30:00-05:00,BuyEveryDay,879e9386fc54413582cdb9879f70b999,AAPL,buy,market,fill,1,gtc,0.0,1,stock,42.540000915527344,2.3507286753136722,0.0
2018-02-08 09:30:00-05:00,BuyEveryDay,3d04ee8778554391bc5fb6a2b6172a32,AAPL,buy,market,new,1,gtc,0.0,1,stock,,,
2018-02-08 09:30:00-05:00,BuyEveryDay,3d04ee8778554391bc5fb6a2b6172a32,AAPL,buy,market,fill,1,gtc,0.0,1,stock,40.0724983215332,2.4954770525566254,0.0
2018-02-20 09:30:00-05:00,BuyEveryDay,61e6abc004b34b7a9f5b1f801c4633c4,AAPL,buy,market,new,1,gtc,0.0,1,stock,,,
2018-02-20 09:30:00-05:00,BuyEveryDay,61e6abc004b34b7a9f5b1f801c4633c4,AAPL,buy,market,fill,1,gtc,0.0,1,stock,43.01250076293945,2.324905509473708,0.0
2018-03-02 09:30:00-05:00,BuyEveryDay,b48d91dc086044e880bbd2681c0e09d6,AAPL,buy,market,new,1,gtc,0.0,1,stock,,,
2018-03-02 09:30:00-05:00,BuyEveryDay,b48d91dc086044e880bbd2681c0e09d6,AAPL,buy,market,fill,1,gtc,0.0,1,stock,43.20000076293945,2.314814773933715,0.0
2018-03-12 10:30:00-04:00,BuyEveryDay,d364bfac0bed4d9e9566297a42cd8f19,AAPL,buy,market,new,1,gtc,0.0,1,stock,,,
2018-03-12 10:30:00-04:00,BuyEveryDay,d364bfac0bed4d9e9566297a42cd8f19,AAPL,buy,market,fill,1,gtc,0.0,1,stock,45.647499084472656,2.190700520415055,0.0
2018-03-22 10:30:00-04:00,BuyEveryDay,2422a73839c04620b4e5b37ed6a64cfe,AAPL,buy,market,new,1,gtc,0.0,1,stock,,,
2018-03-22 10:30:00-04:00,BuyEveryDay,2422a73839c04620b4e5b37ed6a64cfe,AAPL,buy,market,fill,1,gtc,0.0,1,stock,42.09749984741211,2.375437979986058,0.0
2018-04-02 09:30:00-04:00,BuyEveryDay,1307a36295e3441ba568e1430fe6eab1,AAPL,buy,market,new,1,gtc,0.0,1,stock,,,
2018-04-02 09:30:00-04:00,BuyEveryDay,1307a36295e3441ba568e1430fe6eab1,AAPL,buy,market,fill,1,gtc,0.0,1,stock,41.90999984741211,2.386065386878661,0.0
2018-04-12 09:30:00-04:00,BuyEveryDay,1d3b0703ca474a0abb9bf9d7568d4acc,AAPL,buy,market,new,1,gtc,0.0,1,stock,,,
2018-04-12 09:30:00-04:00,BuyEveryDay,1d3b0703ca474a0abb9bf9d7568d4acc,AAPL,buy,market,fill,1,gtc,0.0,1,stock,43.69499969482422,2.2885913879945683,0.0
2018-04-23 09:30:00-04:00,BuyEveryDay,05ffe3c24454446eb04a7974e9e85ebe,AAPL,buy,market,new,1,gtc,0.0,1,stock,,,
2018-04-23 09:30:00-04:00,BuyEveryDay,05ffe3c24454446eb04a7974e9e85ebe,AAPL,buy,market,fill,1,gtc,0.0,1,stock,41.41749954223633,2.4144383679662504,0.0
2018-05-03 09:30:00-04:00,BuyEveryDay,b3e527f176da4941913151718a36f99d,AAPL,buy,market,new,1,gtc,0.0,1,stock,,,
2018-05-03 09:30:00-04:00,BuyEveryDay,b3e527f176da4941913151718a36f99d,AAPL,buy,market,fill,1,gtc,0.0,1,stock,44.5625,2.244039270687237,0.0
2018-05-14 09:30:00-04:00,BuyEveryDay,3ef86bdbee5049e488677d86a52d268e,AAPL,buy,market,new,1,gtc,0.0,1,stock,,,
2018-05-14 09:30:00-04:00,BuyEveryDay,3ef86bdbee5049e488677d86a52d268e,AAPL,buy,market,fill,1,gtc,0.0,1,stock,46.69499969482422,2.1415569258711065,0.0
2018-05-24 09:30:00-04:00,BuyEveryDay,2b4e693c206941e18b6931b5fe70558d,AAPL,buy,market,new,1,gtc,0.0,1,stock,,,
2018-05-24 09:30:00-04:00,BuyEveryDay,2b4e693c206941e18b6931b5fe70558d,AAPL,buy,market,fill,1,gtc,0.0,1,stock,47.057498931884766,2.125059815540748,0.0
2018-06-04 09:30:00-04:00,BuyEveryDay,cfcada513a1f4faf969e94055df3b549,AAPL,buy,market,new,1,gtc,0.0,1,stock,,,
2018-06-04 09:30:00-04:00,BuyEveryDay,cfcada513a1f4faf969e94055df3b549,AAPL,buy,market,fill,1,gtc,0.0,1,stock,48.26750183105469,2.0717873560147937,0.0
2018-06-14 09:30:00-04:00,BuyEveryDay,2388f6b2a4de4a15aefa4528c703baaa,AAPL,buy,market,new,1,gtc,0.0,1,stock,,,
2018-06-14 09:30:00-04:00,BuyEveryDay,2388f6b2a4de4a15aefa4528c703baaa,AAPL,buy,market,fill,1,gtc,0.0,1,stock,47.50749969482422,2.104930813921463,0.0
2018-06-25 09:30:00-04:00,BuyEveryDay,fbdd5a00050d4c49971f3af835d87586,AAPL,buy,market,new,1,gtc,0.0,1,stock,,,
2018-06-25 09:30:00-04:00,BuyEveryDay,fbdd5a00050d4c49971f3af835d87586,AAPL,buy,market,fill,1,gtc,0.0,1,stock,45.747501373291016,2.1859117328402,0.0
2018-07-05 09:30:00-04:00,BuyEveryDay,90e1bd20d2934b91bb03b86151727b59,AAPL,buy,market,new,1,gtc,0.0,1,stock,,,
2018-07-05 09:30:00-04:00,BuyEveryDay,90e1bd20d2934b91bb03b86151727b59,AAPL,buy,market,fill,1,gtc,0.0,1,stock,46.35499954223633,2.1572646098051425,0.0
2018-07-16 09:30:00-04:00,BuyEveryDay,6c940f28305b40f6b29c6f9b5e6e868e,AAPL,buy,market,new,1,gtc,0.0,1,stock,,,
2018-07-16 09:30:00-04:00,BuyEveryDay,6c940f28305b40f6b29c6f9b5e6e868e,AAPL,buy,market,fill,1,gtc,0.0,1,stock,47.4375,2.1080368906455864,0.0
2018-07-26 09:30:00-04:00,BuyEveryDay,a9fa1d116f754c71afb10aacfd5990a1,AAPL,buy,market,new,1,gtc,0.0,1,stock,,,
2018-07-26 09:30:00-04:00,BuyEveryDay,a9fa1d116f754c71afb10aacfd5990a1,AAPL,buy,market,fill,1,gtc,0.0,1,stock,48.747501373291016,2.0513871928375487,0.0
2018-08-06 09:30:00-04:00,BuyEveryDay,a85cfc25e3cc4f00b74dd990e777f172,AAPL,buy,market,new,1,gtc,0.0,1,stock,,,
2018-08-06 09:30:00-04:00,BuyEveryDay,a85cfc25e3cc4f00b74dd990e777f172,AAPL,buy,market,fill,1,gtc,0.0,1,stock,52.33000183105469,1.9109496751566337,0.0
2018-08-16 09:30:00-04:00,BuyEveryDay,74cc18bd6f904f0ca4318e484fd1501b,AAPL,buy,market,new,1,gtc,0.0,1,stock,,,
2018-08-16 09:30:00-04:00,BuyEveryDay,74cc18bd6f904f0ca4318e484fd1501b,AAPL,buy,market,fill,1,gtc,0.0,1,stock,53.36000061035156,1.8740629470795118,0.0
2018-08-27 09:30:00-04:00,BuyEveryDay,6a02fd652130444d8e3c1671fe03acb3,AAPL,buy,market,new,1,gtc,0.0,1,stock,,,
2018-08-27 09:30:00-04:00,BuyEveryDay,6a02fd652130444d8e3c1671fe03acb3,AAPL,buy,market,fill,1,gtc,0.0,1,stock,54.752498626708984,1.8264006667856194,0.0
2018-09-06 09:30:00-04:00,BuyEveryDay,eda1719db61d4c6fafa15edceb9f080b,AAPL,buy,market,new,1,gtc,0.0,1,stock,,,
2018-09-06 09:30:00-04:00,BuyEveryDay,eda1719db61d4c6fafa15edceb9f080b,AAPL,buy,market,fill,1,gtc,0.0,1,stock,55.462501525878906,1.8030200089936408,0.0
2018-09-17 09:30:00-04:00,BuyEveryDay,e319afd251c842ef8a1c733b27b8ad15,AAPL,buy,market,new,1,gtc,0.0,1,stock,,,
2018-09-17 09:30:00-04:00,BuyEveryDay,e319afd251c842ef8a1c733b27b8ad15,AAPL,buy,market,fill,1,gtc,0.0,1,stock,54.4474983215332,1.8366316742316044,0.0
2018-09-27 09:30:00-04:00,BuyEveryDay,4f6d918291ec426f9ed18d2c40350fce,AAPL,buy,market,new,1,gtc,0.0,1,stock,,,
2018-09-27 09:30:00-04:00,BuyEveryDay,4f6d918291ec426f9ed18d2c40350fce,AAPL,buy,market,fill,1,gtc,0.0,1,stock,56.1974983215332,1.7794386402727644,0.0
2018-10-08 09:30:00-04:00,BuyEveryDay,c6be8982bbab48abb2e44f4834d52103,AAPL,buy,market,new,1,gtc,0.0,1,stock,,,
2018-10-08 09:30:00-04:00,BuyEveryDay,c6be8982bbab48abb2e44f4834d52103,AAPL,buy,market,fill,1,gtc,0.0,1,stock,55.90999984741211,1.7885888083154533,0.0
2018-10-18 09:30:00-04:00,BuyEveryDay,86e4b84a132d44f5ad2da7d011938216,AAPL,buy,market,new,1,gtc,0.0,1,stock,,,
2018-10-18 09:30:00-04:00,BuyEveryDay,86e4b84a132d44f5ad2da7d011938216,AAPL,buy,market,fill,1,gtc,0.0,1,stock,54.51499938964844,1.8343575368174445,0.0
2018-10-29 09:30:00-04:00,BuyEveryDay,ff40ec972c914ade8ca4de7686e9ae60,AAPL,buy,market,new,1,gtc,0.0,1,stock,,,
2018-10-29 09:30:00-04:00,BuyEveryDay,ff40ec972c914ade8ca4de7686e9ae60,AAPL,buy,market,fill,1,gtc,0.0,1,stock,52.787498474121094,1.8943879306768947,0.0
2018-11-08 09:30:00-05:00,BuyEveryDay,5f1c1482db54426dac5f456efe4d62d2,AAPL,buy,market,new,1,gtc,0.0,1,stock,,,
2018-11-08 09:30:00-05:00,BuyEveryDay,5f1c1482db54426dac5f456efe4d62d2,AAPL,buy,market,fill,1,gtc,0.0,1,stock,52.494998931884766,1.9049433666958573,0.0
2018-11-19 09:30:00-05:00,BuyEveryDay,a7332805b49043be88485cadea7f515a,AAPL,buy,market,new,1,gtc,0.0,1,stock,,,
2018-11-19 09:30:00-05:00,BuyEveryDay,a7332805b49043be88485cadea7f515a,AAPL,buy,market,fill,1,gtc,0.0,1,stock,47.5,2.1052631578947367,0.0
2018-11-29 09:30:00-05:00,BuyEveryDay,d054c9d1e07e44abb9d7df27bc2246f6,AAPL,buy,market,new,1,gtc,0.0,1,stock,,,
2018-11-29 09:30:00-05:00,BuyEveryDay,d054c9d1e07e44abb9d7df27bc2246f6,AAPL,buy,market,fill,1,gtc,0.0,1,stock,45.665000915527344,2.1898608999260367,0.0
2018-12-10 09:30:00-05:00,BuyEveryDay,a4b107c00e0745f0aa522073a4fd6497,AAPL,buy,market,new,1,gtc,0.0,1,stock,,,
2018-12-10 09:30:00-05:00,BuyEveryDay,a4b107c00e0745f0aa522073a4fd6497,AAPL,buy,market,fill,1,gtc,0.0,1,stock,41.25,2.4242424242424243,0.0
2018-12-20 09:30:00-05:00,BuyEveryDay,b7705184ba03423f9a22f2a5abf436ea,AAPL,buy,market,new,1,gtc,0.0,1,stock,,,
2018-12-20 09:30:00-05:00,BuyEveryDay,b7705184ba03423f9a22f2a5abf436ea,AAPL,buy,market,fill,1,gtc,0.0,1,stock,40.099998474121094,2.493765680927293,0.0
2018-12-31 09:30:00-05:00,BuyEveryDay,6e72741a831142af8eaab06a6698ba90,AAPL,buy,market,new,1,gtc,0.0,1,stock,,,
2018-12-31 09:30:00-05:00,BuyEveryDay,6e72741a831142af8eaab06a6698ba90,AAPL,buy,market,fill,1,gtc,0.0,1,stock,39.63249969482422,2.523181751593111,0.0
2019-01-10 09:30:00-05:00,BuyEveryDay,575200c5fcc24275b35b24c6f11f71d2,AAPL,buy,market,new,1,gtc,0.0,1,stock,,,
2019-01-10 09:30:00-05:00,BuyEveryDay,575200c5fcc24275b35b24c6f11f71d2,AAPL,buy,market,fill,1,gtc,0.0,1,stock,38.125,2.622950819672131,0.0
2019-01-22 09:30:00-05:00,BuyEveryDay,8302f274a7bc420b999c4d26ab671208,AAPL,buy,market,new,1,gtc,0.0,1,stock,,,
2019-01-22 09:30:00-05:00,BuyEveryDay,8302f274a7bc420b999c4d26ab671208,AAPL,buy,market,fill,1,gtc,0.0,1,stock,39.102500915527344,2.557381181731286,0.0
2019-02-01 09:30:00-05:00,BuyEveryDay,4caf287f31d741cfa35ba3b8d84dce33,AAPL,buy,market,new,1,gtc,0.0,1,stock,,,
2019-02-01 09:30:00-05:00,BuyEveryDay,4caf287f31d741cfa35ba3b8d84dce33,AAPL,buy,market,fill,1,gtc,0.0,1,stock,41.7400016784668,2.395783324838458,0.0
2019-02-11 09:30:00-05:00,BuyEveryDay,9184a6d802364361af61f0cdd03ec735,AAPL,buy,market,new,1,gtc,0.0,1,stock,,,
2019-02-11 09:30:00-05:00,BuyEveryDay,9184a6d802364361af61f0cdd03ec735,AAPL,buy,market,fill,1,gtc,0.0,1,stock,42.76250076293945,2.338497473624508,0.0
2019-02-21 09:30:00-05:00,BuyEveryDay,a489e94d3adf4b68ab812810a599ab5f,AAPL,buy,market,new,1,gtc,0.0,1,stock,,,
2019-02-21 09:30:00-05:00,BuyEveryDay,a489e94d3adf4b68ab812810a599ab5f,AAPL,buy,market,fill,1,gtc,0.0,1,stock,42.95000076293945,2.328288666441367,0.0
2019-03-04 09:30:00-05:00,BuyEveryDay,7edf388ef1d7437cb54b7569dd395160,AAPL,buy,market,new,1,gtc,0.0,1,stock,,,
2019-03-04 09:30:00-05:00,BuyEveryDay,7edf388ef1d7437cb54b7569dd395160,AAPL,buy,market,fill,1,gtc,0.0,1,stock,43.92250061035156,2.2767374036175028,0.0
2019-03-14 10:30:00-04:00,BuyEveryDay,cc6cdea2e0d2425d80195f335cac8e99,AAPL,buy,market,new,1,gtc,0.0,1,stock,,,
2019-03-14 10:30:00-04:00,BuyEveryDay,cc6cdea2e0d2425d80195f335cac8e99,AAPL,buy,market,fill,1,gtc,0.0,1,stock,46.212501525878906,2.163916617757647,0.0
2019-03-25 09:30:00-04:00,BuyEveryDay,621be637af7c403d86531912da1758ed,AAPL,buy,market,new,1,gtc,0.0,1,stock,,,
2019-03-25 09:30:00-04:00,BuyEveryDay,621be637af7c403d86531912da1758ed,AAPL,buy,market,fill,1,gtc,0.0,1,stock,47.915000915527344,2.087029074178604,0.0
2019-04-04 09:30:00-04:00,BuyEveryDay,16a938a7df294aeb958e8c3d310e11ad,AAPL,buy,market,new,1,gtc,0.0,1,stock,,,
2019-04-04 09:30:00-04:00,BuyEveryDay,16a938a7df294aeb958e8c3d310e11ad,AAPL,buy,market,fill,1,gtc,0.0,1,stock,49.11249923706055,2.0361415434655683,0.0
2019-04-15 09:30:00-04:00,BuyEveryDay,0d597373fc0246328b91d0ed7920b0eb,AAPL,buy,market,new,1,gtc,0.0,1,stock,,,
2019-04-15 09:30:00-04:00,BuyEveryDay,0d597373fc0246328b91d0ed7920b0eb,AAPL,buy,market,fill,1,gtc,0.0,1,stock,49.8650016784668,2.005414551969884,0.0
2019-04-25 09:30:00-04:00,BuyEveryDay,7510794456f54c269dec1cf8a0a106ba,AAPL,buy,market,new,1,gtc,0.0,1,stock,,,
2019-04-25 09:30:00-04:00,BuyEveryDay,7510794456f54c269dec1cf8a0a106ba,AAPL,buy,market,fill,1,gtc,0.0,1,stock,51.224998474121094,1.9521718492684792,0.0
2019-05-06 09:30:00-04:00,BuyEveryDay,62bebbcbc5fd45b1b454499f239c854a,AAPL,buy,market,new,1,gtc,0.0,1,stock,,,
2019-05-06 09:30:00-04:00,BuyEveryDay,62bebbcbc5fd45b1b454499f239c854a,AAPL,buy,market,fill,1,gtc,0.0,1,stock,51.470001220703125,1.9428793011136811,0.0
2019-05-16 09:30:00-04:00,BuyEveryDay,5e10451ab3364959a61e32ded4c8533a,AAPL,buy,market,new,1,gtc,0.0,1,stock,,,
2019-05-16 09:30:00-04:00,BuyEveryDay,5e10451ab3364959a61e32ded4c8533a,AAPL,buy,market,fill,1,gtc,0.0,1,stock,46.73249816894531,2.139838526039937,0.0
2019-05-28 09:30:00-04:00,BuyEveryDay,af3064fd898f4cca8cee417d041b642b,AAPL,buy,market,new,1,gtc,0.0,1,stock,,,
2019-05-28 09:30:00-04:00,BuyEveryDay,af3064fd898f4cca8cee417d041b642b,AAPL,buy,market,fill,1,gtc,0.0,1,stock,44.10499954223633,2.267316654299857,0.0
2019-06-07 09:30:00-04:00,BuyEveryDay,cc5137430006408e9d86740b29d2cefd,AAPL,buy,market,new,1,gtc,0.0,1,stock,,,
2019-06-07 09:30:00-04:00,BuyEveryDay,cc5137430006408e9d86740b29d2cefd,AAPL,buy,market,fill,1,gtc,0.0,1,stock,46.627498626708984,2.1446571861077355,0.0
2019-06-17 09:30:00-04:00,BuyEveryDay,5a02da9dbf9b4498b8563536e8c3f429,AAPL,buy,market,new,1,gtc,0.0,1,stock,,,
2019-06-17 09:30:00-04:00,BuyEveryDay,5a02da9dbf9b4498b8563536e8c3f429,AAPL,buy,market,fill,1,gtc,0.0,1,stock,49.01250076293945,2.0402958111375225,0.0
2019-06-27 09:30:00-04:00,BuyEveryDay,7a5cbf56db91431dbb67e505c2dc65a2,AAPL,buy,market,new,1,gtc,0.0,1,stock,,,
2019-06-27 09:30:00-04:00,BuyEveryDay,7a5cbf56db91431dbb67e505c2dc65a2,AAPL,buy,market,fill,1,gtc,0.0,1,stock,49.66999816894531,2.0132877730308034,0.0
2019-07-08 09:30:00-04:00,BuyEveryDay,02be6cd072f0465396011463e894bf2d,AAPL,buy,market,new,1,gtc,0.0,1,stock,,,
2019-07-08 09:30:00-04:00,BuyEveryDay,02be6cd072f0465396011463e894bf2d,AAPL,buy,market,fill,1,gtc,0.0,1,stock,49.79999923706055,2.0080321592772483,0.0
2019-07-18 09:30:00-04:00,BuyEveryDay,6f947d12cf004804a3233a636b0643d1,AAPL,buy,market,new,1,gtc,0.0,1,stock,,,
2019-07-18 09:30:00-04:00,BuyEveryDay,6f947d12cf004804a3233a636b0643d1,AAPL,buy,market,fill,1,gtc,0.0,1,stock,51.4474983215332,1.9437291075851066,0.0
2019-07-29 09:30:00-04:00,BuyEveryDay,b3f11b986c154a86affd3e7f7ab6ef6e,AAPL,buy,market,new,1,gtc,0.0,1,stock,,,
2019-07-29 09:30:00-04:00,BuyEveryDay,b3f11b986c154a86affd3e7f7ab6ef6e,AAPL,buy,market,fill,1,gtc,0.0,1,stock,52.189998626708984,1.9160759270229901,0.0
2019-08-08 09:30:00-04:00,BuyEveryDay,78374d3a134d4b11b81f88faee47bbdf,AAPL,buy,market,new,1,gtc,0.0,1,stock,,,
2019-08-08 09:30:00-04:00,BuyEveryDay,78374d3a134d4b11b81f88faee47bbdf,AAPL,buy,market,fill,1,gtc,0.0,1,stock,50.32500076293945,1.987083924172385,0.0
2019-08-19 09:30:00-04:00,BuyEveryDay,ee8e7cd65b9c492cb43a791cec7a9ae8,AAPL,buy,market,new,1,gtc,0.0,1,stock,,,
2019-08-19 09:30:00-04:00,BuyEveryDay,ee8e7cd65b9c492cb43a791cec7a9ae8,AAPL,buy,market,fill,1,gtc,0.0,1,stock,52.720001220703125,1.8968133096463213,0.0
2019-08-29 09:30:00-04:00,BuyEveryDay,971d1473f02c4ffdbd5aef16b68f88d4,AAPL,buy,market,new,1,gtc,0.0,1,stock,,,
2019-08-29 09:30:00-04:00,BuyEveryDay,971d1473f02c4ffdbd5aef16b68f88d4,AAPL,buy,market,fill,1,gtc,0.0,1,stock,52.540000915527344,1.9033117293008388,0.0
2019-09-09 09:30:00-04:00,BuyEveryDay,d274fe0352c846828f05506dffe7335b,AAPL,buy,market,new,1,gtc,0.0,1,stock,,,
2019-09-09 09:30:00-04:00,BuyEveryDay,d274fe0352c846828f05506dffe7335b,AAPL,buy,market,fill,1,gtc,0.0,1,stock,53.46500015258789,1.8703824878818345,0.0
2019-09-19 09:30:00-04:00,BuyEveryDay,e567c041a93145d0a78ec5a9da75f9f3,AAPL,buy,market,new,1,gtc,0.0,1,stock,,,
2019-09-19 09:30:00-04:00,BuyEveryDay,e567c041a93145d0a78ec5a9da75f9f3,AAPL,buy,market,fill,1,gtc,0.0,1,stock,55.345001220703125,1.806847913892404,0.0
2019-09-30 09:30:00-04:00,BuyEveryDay,edae7914b3984a45a719bb3546aba280,AAPL,buy,market,new,1,gtc,0.0,1,stock,,,
2019-09-30 09:30:00-04:00,BuyEveryDay,edae7914b3984a45a719bb3546aba280,AAPL,buy,market,fill,1,gtc,0.0,1,stock,56.26750183105469,1.7772248055414617,0.0
2019-10-10 09:30:00-04:00,BuyEveryDay,6f9c120b32e644399efd52484d5804ae,AAPL,buy,market,new,1,gtc,0.0,1,stock,,,
2019-10-10 09:30:00-04:00,BuyEveryDay,6f9c120b32e644399efd52484d5804ae,AAPL,buy,market,fill,1,gtc,0.0,1,stock,58.23749923706055,1.7171066977471294,0.0
2019-10-21 09:30:00-04:00,BuyEveryDay,83f93cb7e85b45028f75d5d929d8b983,AAPL,buy,market,new,1,gtc,0.0,1,stock,,,
2019-10-21 09:30:00-04:00,BuyEveryDay,83f93cb7e85b45028f75d5d929d8b983,AAPL,buy,market,fill,1,gtc,0.0,1,stock,60.290000915527344,1.6586498338275124,0.0
2019-10-31 09:30:00-04:00,BuyEveryDay,f4f26142172d4b959865676a40adb399,AAPL,buy,market,new,1,gtc,0.0,1,stock,,,
2019-10-31 09:30:00-04:00,BuyEveryDay,f4f26142172d4b959865676a40adb399,AAPL,buy,market,fill,1,gtc,0.0,1,stock,62.3849983215332,1.6029494700728935,0.0
2019-11-11 09:30:00-05:00,BuyEveryDay,a6ce68a1a08b4b1fb4ab069736f09871,AAPL,buy,market,new,1,gtc,0.0,1,stock,,,
2019-11-11 09:30:00-05:00,BuyEveryDay,a6ce68a1a08b4b1fb4ab069736f09871,AAPL,buy,market,fill,1,gtc,0.0,1,stock,64.57499694824219,1.5485869876254346,0.0
2019-11-21 09:30:00-05:00,BuyEveryDay,429f764a30054f57a8fd15f1c5a675ce,AAPL,buy,market,new,1,gtc,0.0,1,stock,,,
2019-11-21 09:30:00-05:00,BuyEveryDay,429f764a30054f57a8fd15f1c5a675ce,AAPL,buy,market,fill,1,gtc,0.0,1,stock,65.92250061035156,1.5169327479106183,0.0
2019-12-02 09:30:00-05:00,BuyEveryDay,24871a39c35e423fa7c7cdcf301cce5b,AAPL,buy,market,new,1,gtc,0.0,1,stock,,,
2019-12-02 09:30:00-05:00,BuyEveryDay,24871a39c35e423fa7c7cdcf301cce5b,AAPL,buy,market,fill,1,gtc,0.0,1,stock,66.81749725341797,1.496613972545711,0.0
2019-12-12 09:30:00-05:00,BuyEveryDay,f98fbef10ed54cec950e01844a8a2f70,AAPL,buy,market,new,1,gtc,0.0,1,stock,,,
2019-12-12 09:30:00-05:00,BuyEveryDay,f98fbef10ed54cec950e01844a8a2f70,AAPL,buy,market,fill,1,gtc,0.0,1,stock,66.94499969482422,1.4937635440415336,0.0
2019-12-23 09:30:00-05:00,BuyEveryDay,5e639ea9052d4b56adb1e5e1faf7aa87,AAPL,buy,market,new,1,gtc,0.0,1,stock,,,
2019-12-23 09:30:00-05:00,BuyEveryDay,5e639ea9052d4b56adb1e5e1faf7aa87,AAPL,buy,market,fill,1,gtc,0.0,1,stock,70.13249969482422,1.425872461913403,0.0
2020-01-02 09:30:00-05:00,BuyEveryDay,63224c0a32094aa4a079e2057b2babcc,AAPL,buy,market,new,1,gtc,0.0,1,stock,,,
2020-01-02 09:30:00-05:00,BuyEveryDay,63224c0a32094aa4a079e2057b2babcc,AAPL,buy,market,fill,1,gtc,0.0,1,stock,74.05999755859375,1.3502565932558046,0.0
2020-01-13 09:30:00-05:00,BuyEveryDay,40db3e156dd846fe98cacf6f8d41ffd6,AAPL,buy,market,new,1,gtc,0.0,1,stock,,,
2020-01-13 09:30:00-05:00,BuyEveryDay,40db3e156dd846fe98cacf6f8d41ffd6,AAPL,buy,market,fill,1,gtc,0.0,1,stock,77.91000366210938,1.2835322205052577,0.0
2020-01-23 09:30:00-05:00,BuyEveryDay,342fa856e4fe4ebdb8eec0654785e17a,AAPL,buy,market,new,1,gtc,0.0,1,stock,,,
2020-01-23 09:30:00-05:00,BuyEveryDay,342fa856e4fe4ebdb8eec0654785e17a,AAPL,buy,market,fill,1,gtc,0.0,1,stock,79.4800033569336,1.258178104886508,0.0
2020-02-03 09:30:00-05:00,BuyEveryDay,7169b6780cea4583a461fe4e5dc3919c,AAPL,buy,market,new,1,gtc,0.0,1,stock,,,
2020-02-03 09:30:00-05:00,BuyEveryDay,7169b6780cea4583a461fe4e5dc3919c,AAPL,buy,market,fill,1,gtc,0.0,1,stock,76.07499694824219,1.314492330088889,0.0
2020-02-13 09:30:00-05:00,BuyEveryDay,ea5bda166fad47ed8971382850e2dbe2,AAPL,buy,market,new,1,gtc,0.0,1,stock,,,
2020-02-13 09:30:00-05:00,BuyEveryDay,ea5bda166fad47ed8971382850e2dbe2,AAPL,buy,market,fill,1,gtc,0.0,1,stock,81.04750061035156,1.2338443412433595,0.0
2020-02-24 09:30:00-05:00,BuyEveryDay,1c610f3679da4312a4becee49465d5ed,AAPL,buy,market,new,1,gtc,0.0,1,stock,,,
2020-02-24 09:30:00-05:00,BuyEveryDay,1c610f3679da4312a4becee49465d5ed,AAPL,buy,market,fill,1,gtc,0.0,1,stock,74.31500244140625,1.345623315814934,0.0
2020-03-05 09:30:00-05:00,BuyEveryDay,20a82537b5984ac298528fe386cd6256,AAPL,buy,market,new,1,gtc,0.0,1,stock,,,
2020-03-05 09:30:00-05:00,BuyEveryDay,20a82537b5984ac298528fe386cd6256,AAPL,buy,market,fill,1,gtc,0.0,1,stock,73.87999725341797,1.3535463416029516,0.0
2020-03-16 09:30:00-04:00,BuyEveryDay,96c1f56be92c456da569dd1f85f7a526,AAPL,buy,market,new,1,gtc,0.0,1,stock,,,
2020-03-16 09:30:00-04:00,BuyEveryDay,96c1f56be92c456da569dd1f85f7a526,AAPL,buy,market,fill,1,gtc,0.0,1,stock,61.877498626708984,1.6160963552077994,0.0
2020-03-26 09:30:00-04:00,BuyEveryDay,ddcf5fb747ad410cb505a6691220aa23,AAPL,buy,market,new,1,gtc,0.0,1,stock,,,
2020-03-26 09:30:00-04:00,BuyEveryDay,ddcf5fb747ad410cb505a6691220aa23,AAPL,buy,market,fill,1,gtc,0.0,1,stock,63.1875,1.5825914935707222,0.0
2020-04-06 09:30:00-04:00,BuyEveryDay,30f22955b08544a99f853a93ff79d29c,AAPL,buy,market,new,1,gtc,0.0,1,stock,,,
2020-04-06 09:30:00-04:00,BuyEveryDay,30f22955b08544a99f853a93ff79d29c,AAPL,buy,market,fill,1,gtc,0.0,1,stock,67.69999694824219,1.477104941030525,0.0
2020-04-16 09:30:00-04:00,BuyEveryDay,f06ab62d85fb4dc78f588626888bba38,AAPL,buy,market,new,1,gtc,0.0,1,stock,,,
2020-04-16 09:30:00-04:00,BuyEveryDay,f06ab62d85fb4dc78f588626888bba38,AAPL,buy,market,fill,1,gtc,0.0,1,stock,71.17250061035156,1.405037045803273,0.0
2020-04-27 09:30:00-04:00,BuyEveryDay,18056c90dc9f4c0285a10a9cae83f026,AAPL,buy,market,new,1,gtc,0.0,1,stock,,,
2020-04-27 09:30:00-04:00,BuyEveryDay,18056c90dc9f4c0285a10a9cae83f026,AAPL,buy,market,fill,1,gtc,0.0,1,stock,71.2699966430664,1.4031149812005588,0.0
2020-05-07 09:30:00-04:00,BuyEveryDay,f040bbc51fc1450a9ae7a440a2424a3d,AAPL,buy,market,new,1,gtc,0.0,1,stock,,,
2020-05-07 09:30:00-04:00,BuyEveryDay,f040bbc51fc1450a9ae7a440a2424a3d,AAPL,buy,market,fill,1,gtc,0.0,1,stock,76.41000366210938,1.3087291611999825,0.0
2020-05-18 09:30:00-04:00,BuyEveryDay,e182bbf835bc44718a01b39bd6cf9234,AAPL,buy,market,new,1,gtc,0.0,1,stock,,,
2020-05-18 09:30:00-04:00,BuyEveryDay,e182bbf835bc44718a01b39bd6cf9234,AAPL,buy,market,fill,1,gtc,0.0,1,stock,78.75749969482422,1.269720349014226,0.0
2020-05-28 09:30:00-04:00,BuyEveryDay,21fa23fe768e4de7994de022ad22b714,AAPL,buy,market,new,1,gtc,0.0,1,stock,,,
2020-05-28 09:30:00-04:00,BuyEveryDay,21fa23fe768e4de7994de022ad22b714,AAPL,buy,market,fill,1,gtc,0.0,1,stock,79.8125,1.2529365700861395,0.0
2020-06-08 09:30:00-04:00,BuyEveryDay,9e374f0714a6484d8782ea032ff0b8f8,AAPL,buy,market,new,1,gtc,0.0,1,stock,,,
2020-06-08 09:30:00-04:00,BuyEveryDay,9e374f0714a6484d8782ea032ff0b8f8,AAPL,buy,market,fill,1,gtc,0.0,1,stock,83.03500366210938,1.2043113818230866,0.0
2020-06-18 09:30:00-04:00,BuyEveryDay,7402a9dd88504e7496b1b77601fade67,AAPL,buy,market,new,1,gtc,0.0,1,stock,,,
2020-06-18 09:30:00-04:00,BuyEveryDay,7402a9dd88504e7496b1b77601fade67,AAPL,buy,market,fill,1,gtc,0.0,1,stock,88.66000366210938,1.1279043071226151,0.0
2020-06-29 09:30:00-04:00,BuyEveryDay,5db27ff959be499b821ba2432709a437,AAPL,buy,market,new,1,gtc,0.0,1,stock,,,
2020-06-29 09:30:00-04:00,BuyEveryDay,5db27ff959be499b821ba2432709a437,AAPL,buy,market,fill,1,gtc,0.0,1,stock,90.0199966430664,1.110864293813571,0.0
2020-07-09 09:30:00-04:00,BuyEveryDay,7ad2f18d296740a6a719a85cacaec214,AAPL,buy,market,new,1,gtc,0.0,1,stock,,,
2020-07-09 09:30:00-04:00,BuyEveryDay,7ad2f18d296740a6a719a85cacaec214,AAPL,buy,market,fill,1,gtc,0.0,1,stock,95.33499908447266,1.0489327210397712,0.0
2020-07-20 09:30:00-04:00,BuyEveryDay,97279b4e5231497dbb4fda3b1f8eb218,AAPL,buy,market,new,1,gtc,0.0,1,stock,,,
2020-07-20 09:30:00-04:00,BuyEveryDay,97279b4e5231497dbb4fda3b1f8eb218,AAPL,buy,market,fill,1,gtc,0.0,1,stock,99.17250061035156,1.008344040783036,0.0
2020-07-30 09:30:00-04:00,BuyEveryDay,d35771976e6f4bf69aae0f56e353b10c,AAPL,buy,market,new,1,gtc,0.0,1,stock,,,
2020-07-30 09:30:00-04:00,BuyEveryDay,d35771976e6f4bf69aae0f56e353b10c,AAPL,buy,market,fill,1,gtc,0.0,1,stock,102.88500213623047,0.9719589631498435,0.0
2020-08-10 09:30:00-04:00,BuyEveryDay,db42fb09f0904fefa6c1e83e5b5e7830,AAPL,buy,market,new,1,gtc,0.0,1,stock,,,
2020-08-10 09:30:00-04:00,BuyEveryDay,db42fb09f0904fefa6c1e83e5b5e7830,AAPL,buy,market,fill,1,gtc,0.0,1,stock,111.97000122070312,0.8930963553612082,0.0
2020-08-20 09:30:00-04:00,BuyEveryDay,b3a406f17b0c4fe2ab805b06b48b87a7,AAPL,buy,market,new,1,gtc,0.0,1,stock,,,
2020-08-20 09:30:00-04:00,BuyEveryDay,b3a406f17b0c4fe2ab805b06b48b87a7,AAPL,buy,market,fill,1,gtc,0.0,1,stock,119.26249694824219,0.8384865532657616,0.0
2020-08-31 09:30:00-04:00,BuyEveryDay,502dbf01054a4b5aa3d0ecf7143714a2,AAPL,buy,market,new,1,gtc,0.0,1,stock,,,
2020-08-31 09:30:00-04:00,BuyEveryDay,502dbf01054a4b5aa3d0ecf7143714a2,AAPL,buy,market,fill,1,gtc,0.0,1,stock,132.75999450683594,0.7532389585542723,0.0
2020-09-10 09:30:00-04:00,BuyEveryDay,cc9f7ab1e9f14262803dc9d64cf63f84,AAPL,buy,market,new,1,gtc,0.0,1,stock,,,
2020-09-10 09:30:00-04:00,BuyEveryDay,cc9f7ab1e9f14262803dc9d64cf63f84,AAPL,buy,market,fill,1,gtc,0.0,1,stock,114.56999969482422,0.8728288405897375,0.0
2020-09-21 09:30:00-04:00,BuyEveryDay,27fc5bddcffc455893c4f5fd1425569d,AAPL,buy,market,new,1,gtc,0.0,1,stock,,,
2020-09-21 09:30:00-04:00,BuyEveryDay,27fc5bddcffc455893c4f5fd1425569d,AAPL,buy,market,fill,1,gtc,0.0,1,stock,112.68000030517578,0.8874689361835816,0.0
2020-10-01 09:30:00-04:00,BuyEveryDay,bcd77236bbd349bb97ef08598f6cf188,AAPL,buy,market,new,1,gtc,0.0,1,stock,,,
2020-10-01 09:30:00-04:00,BuyEveryDay,bcd77236bbd349bb97ef08598f6cf188,AAPL,buy,market,fill,1,gtc,0.0,1,stock,112.88999938964844,0.8858180577611873,0.0
2020-10-12 09:30:00-04:00,BuyEveryDay,3c9dade8238d47fd8b77b6a836bc2faf,AAPL,buy,market,new,1,gtc,0.0,1,stock,,,
2020-10-12 09:30:00-04:00,BuyEveryDay,3c9dade8238d47fd8b77b6a836bc2faf,AAPL,buy,market,fill,1,gtc,0.0,1,stock,125.2699966430664,0.7982757458270828,0.0
2020-10-22 09:30:00-04:00,BuyEveryDay,02e99ea3307141fe83ffc429b371b766,AAPL,buy,market,new,1,gtc,0.0,1,stock,,,
2020-10-22 09:30:00-04:00,BuyEveryDay,02e99ea3307141fe83ffc429b371b766,AAPL,buy,market,fill,1,gtc,0.0,1,stock,116.38999938964844,0.8591803464593356,0.0
2020-11-02 09:30:00-05:00,BuyEveryDay,9fc3f89943944b50b825dfd66d4cb377,AAPL,buy,market,new,1,gtc,0.0,1,stock,,,
2020-11-02 09:30:00-05:00,BuyEveryDay,9fc3f89943944b50b825dfd66d4cb377,AAPL,buy,market,fill,1,gtc,0.0,1,stock,109.11000061035156,0.9165062729411508,0.0
2020-11-12 09:30:00-05:00,BuyEveryDay,b3052870ef724e2a9b23f719fc8780d9,AAPL,buy,market,new,1,gtc,0.0,1,stock,,,
2020-11-12 09:30:00-05:00,BuyEveryDay,b3052870ef724e2a9b23f719fc8780d9,AAPL,buy,market,fill,1,gtc,0.0,1,stock,119.62000274658203,0.8359805860550973,0.0
2020-11-23 09:30:00-05:00,BuyEveryDay,15e1e954123842d9ae89efb706e7e709,AAPL,buy,market,new,1,gtc,0.0,1,stock,,,
2020-11-23 09:30:00-05:00,BuyEveryDay,15e1e954123842d9ae89efb706e7e709,AAPL,buy,market,fill,1,gtc,0.0,1,stock,117.18000030517578,0.853387947939637,0.0
2020-12-03 09:30:00-05:00,BuyEveryDay,1f95894bb4be427f9741d15e72f9a264,AAPL,buy,market,new,1,gtc,0.0,1,stock,,,
2020-12-03 09:30:00-05:00,BuyEveryDay,1f95894bb4be427f9741d15e72f9a264,AAPL,buy,market,fill,1,gtc,0.0,1,stock,123.5199966430664,0.809585514230285,0.0
2020-12-14 09:30:00-05:00,BuyEveryDay,c2783bd8f577457ca1abc87bc8a593fb,AAPL,buy,market,new,1,gtc,0.0,1,stock,,,
2020-12-14 09:30:00-05:00,BuyEveryDay,c2783bd8f577457ca1abc87bc8a593fb,AAPL,buy,market,fill,1,gtc,0.0,1,stock,122.5999984741211,0.815660695306684,0.0
2020-12-24 09:30:00-05:00,BuyEveryDay,ce3ddc2c6f6840ad8796c498aaf25290,AAPL,buy,market,new,1,gtc,0.0,1,stock,,,
2020-12-24 09:30:00-05:00,BuyEveryDay,ce3ddc2c6f6840ad8796c498aaf25290,AAPL,buy,market,fill,1,gtc,0.0,1,stock,131.32000732421875,0.7614985868307781,0.0
2021-01-04 09:30:00-05:00,BuyEveryDay,a985a3594362416c8abe585837e3d24d,AAPL,buy,market,new,1,gtc,0.0,1,stock,,,
2021-01-04 09:30:00-05:00,BuyEveryDay,a985a3594362416c8abe585837e3d24d,AAPL,buy,market,fill,1,gtc,0.0,1,stock,133.52000427246094,0.7489514439794354,0.0
2021-01-14 09:30:00-05:00,BuyEveryDay,2c0e83c3a66643f1b3d15ba6bfd52265,AAPL,buy,market,new,1,gtc,0.0,1,stock,,,
2021-01-14 09:30:00-05:00,BuyEveryDay,2c0e83c3a66643f1b3d15ba6bfd52265,AAPL,buy,market,fill,1,gtc,0.0,1,stock,130.8000030517578,0.7645259760462682,0.0
2021-01-25 09:30:00-05:00,BuyEveryDay,4a67f55f257547fab49983abdcf9ea03,AAPL,buy,market,new,1,gtc,0.0,1,stock,,,
2021-01-25 09:30:00-05:00,BuyEveryDay,4a67f55f257547fab49983abdcf9ea03,AAPL,buy,market,fill,1,gtc,0.0,1,stock,143.07000732421875,0.6989585159759204,0.0
2021-02-04 09:30:00-05:00,BuyEveryDay,a196c3b8dc294179990251a7d516b724,AAPL,buy,market,new,1,gtc,0.0,1,stock,,,
2021-02-04 09:30:00-05:00,BuyEveryDay,a196c3b8dc294179990251a7d516b724,AAPL,buy,market,fill,1,gtc,0.0,1,stock,136.3000030517578,0.7336756989068192,0.0
2021-02-16 09:30:00-05:00,BuyEveryDay,51e406a946064bf897880304b6787aee,AAPL,buy,market,new,1,gtc,0.0,1,stock,,,
2021-02-16 09:30:00-05:00,BuyEveryDay,51e406a946064bf897880304b6787aee,AAPL,buy,market,fill,1,gtc,0.0,1,stock,135.49000549316406,0.7380618196597929,0.0
2021-02-26 09:30:00-05:00,BuyEveryDay,04c703069f1b4389bd3a412c54c9c3ee,AAPL,buy,market,new,1,gtc,0.0,1,stock,,,
2021-02-26 09:30:00-05:00,BuyEveryDay,04c703069f1b4389bd3a412c54c9c3ee,AAPL,buy,market,fill,1,gtc,0.0,1,stock,122.58999633789062,0.8157272451854343,0.0
2021-03-08 09:30:00-05:00,BuyEveryDay,50507a18769049ee818929569ea115e5,AAPL,buy,market,new,1,gtc,0.0,1,stock,,,
2021-03-08 09:30:00-05:00,BuyEveryDay,50507a18769049ee818929569ea115e5,AAPL,buy,market,fill,1,gtc,0.0,1,stock,120.93000030517578,0.826924665076016,0.0
2021-03-18 10:30:00-04:00,BuyEveryDay,e2134f832f8548849ad0a15381620b62,AAPL,buy,market,new,1,gtc,0.0,1,stock,,,
2021-03-18 10:30:00-04:00,BuyEveryDay,e2134f832f8548849ad0a15381620b62,AAPL,buy,market,fill,1,gtc,0.0,1,stock,119.9000015258789,0.8340283463500728,0.0
2021-03-29 09:30:00-04:00,BuyEveryDay,e5dde97285864f06b8df16843194501f,AAPL,buy,market,new,1,gtc,0.0,1,stock,,,
2021-03-29 09:30:00-04:00,BuyEveryDay,e5dde97285864f06b8df16843194501f,AAPL,buy,market,fill,1,gtc,0.0,1,stock,120.11000061035156,0.8325701398038424,0.0
2021-04-08 09:30:00-04:00,BuyEveryDay,39ce5e7ba3a64e31baa3728f5d5c420a,AAPL,buy,market,new,1,gtc,0.0,1,stock,,,
2021-04-08 09:30:00-04:00,BuyEveryDay,39ce5e7ba3a64e31baa3728f5d5c420a,AAPL,buy,market,fill,1,gtc,0.0,1,stock,129.8000030517578,0.770416006539884,0.0
2021-04-19 09:30:00-04:00,BuyEveryDay,e58d7092ca754f66b26c2b56bbf5a64f,AAPL,buy,market,new,1,gtc,0.0,1,stock,,,
2021-04-19 09:30:00-04:00,BuyEveryDay,e58d7092ca754f66b26c2b56bbf5a64f,AAPL,buy,market,fill,1,gtc,0.0,1,stock,135.02000427246094,0.7406309941911051,0.0
2021-04-29 09:30:00-04:00,BuyEveryDay,a8455fd0e57a453c999855715a958be3,AAPL,buy,market,new,1,gtc,0.0,1,stock,,,
2021-04-29 09:30:00-04:00,BuyEveryDay,a8455fd0e57a453c999855715a958be3,AAPL,buy,market,fill,1,gtc,0.0,1,stock,131.77999877929688,0.758840498757922,0.0
2021-05-10 09:30:00-04:00,BuyEveryDay,2dc08b6f41af43e697dd3ac2655f7345,AAPL,buy,market,new,1,gtc,0.0,1,stock,,,
2021-05-10 09:30:00-04:00,BuyEveryDay,2dc08b6f41af43e697dd3ac2655f7345,AAPL,buy,market,fill,1,gtc,0.0,1,stock,123.5,0.8097165991902834,0.0
2021-05-20 09:30:00-04:00,BuyEveryDay,3f7840d1f4144c99aad45066f084678f,AAPL,buy,market,new,1,gtc,0.0,1,stock,,,
2021-05-20 09:30:00-04:00,BuyEveryDay,3f7840d1f4144c99aad45066f084678f,AAPL,buy,market,fill,1,gtc,0.0,1,stock,127.81999969482422,0.7823501818084363,0.0
2021-06-01 09:30:00-04:00,BuyEveryDay,80689344540c491bb748c9637e6c33c2,AAPL,buy,market,new,1,gtc,0.0,1,stock,,,
2021-06-01 09:30:00-04:00,BuyEveryDay,80689344540c491bb748c9637e6c33c2,AAPL,buy,market,fill,1,gtc,0.0,1,stock,124.27999877929688,0.8046347037513687,0.0
2021-06-11 09:30:00-04:00,BuyEveryDay,ef88dbeb1f9847e8801b725defb1ebc7,AAPL,buy,market,new,1,gtc,0.0,1,stock,,,
2021-06-11 09:30:00-04:00,BuyEveryDay,ef88dbeb1f9847e8801b725defb1ebc7,AAPL,buy,market,fill,1,gtc,0.0,1,stock,126.52999877929688,0.7903264124298895,0.0
2021-06-21 09:30:00-04:00,BuyEveryDay,141263f774924d1f880aaf30e739561f,AAPL,buy,market,new,1,gtc,0.0,1,stock,,,
2021-06-21 09:30:00-04:00,BuyEveryDay,141263f774924d1f880aaf30e739561f,AAPL,buy,market,fill,1,gtc,0.0,1,stock,132.1300048828125,0.7568303663402651,0.0
2021-07-01 09:30:00-04:00,BuyEveryDay,4a3c17b3f72344328ce7e5030a045cea,AAPL,buy,market,new,1,gtc,0.0,1,stock,,,
2021-07-01 09:30:00-04:00,BuyEveryDay,4a3c17b3f72344328ce7e5030a045cea,AAPL,buy,market,fill,1,gtc,0.0,1,stock,137.89999389648438,0.7251631938074321,0.0
2021-07-12 09:30:00-04:00,BuyEveryDay,0be692f2a03c411ab35bc0b6946fe863,AAPL,buy,market,new,1,gtc,0.0,1,stock,,,
2021-07-12 09:30:00-04:00,BuyEveryDay,0be692f2a03c411ab35bc0b6946fe863,AAPL,buy,market,fill,1,gtc,0.0,1,stock,144.02999877929688,0.6942998045374849,0.0
2021-07-22 09:30:00-04:00,BuyEveryDay,a2bb07265a9c43ba8897bb20407f7832,AAPL,buy,market,new,1,gtc,0.0,1,stock,,,
2021-07-22 09:30:00-04:00,BuyEveryDay,a2bb07265a9c43ba8897bb20407f7832,AAPL,buy,market,fill,1,gtc,0.0,1,stock,147.5500030517578,0.6777363465382095,0.0
2021-08-02 09:30:00-04:00,BuyEveryDay,4e7d93a122e84ea786522a0d14861c95,AAPL,buy,market,new,1,gtc,0.0,1,stock,,,
2021-08-02 09:30:00-04:00,BuyEveryDay,4e7d93a122e84ea786522a0d14861c95,AAPL,buy,market,fill,1,gtc,0.0,1,stock,145.80999755859375,0.6858240290403612,0.0
2021-08-12 09:30:00-04:00,BuyEveryDay,e768698c61644a0788f3a6a02847be52,AAPL,buy,market,new,1,gtc,0.0,1,stock,,,
2021-08-12 09:30:00-04:00,BuyEveryDay,e768698c61644a0788f3a6a02847be52,AAPL,buy,market,fill,1,gtc,0.0,1,stock,148.97000122070312,0.6712760903575967,0.0
2021-08-23 09:30:00-04:00,BuyEveryDay,088ac6e901b3419d8db00b1b750172d9,AAPL,buy,market,new,1,gtc,0.0,1,stock,,,
2021-08-23 09:30:00-04:00,BuyEveryDay,088ac6e901b3419d8db00b1b750172d9,AAPL,buy,market,fill,1,gtc,0.0,1,stock,149.4499969482422,0.6691201207225999,0.0
2021-09-02 09:30:00-04:00,BuyEveryDay,5b79b6ed58ea4f79b06c4e7d8f0088a4,AAPL,buy,market,new,1,gtc,0.0,1,stock,,,
2021-09-02 09:30:00-04:00,BuyEveryDay,5b79b6ed58ea4f79b06c4e7d8f0088a4,AAPL,buy,market,fill,1,gtc,0.0,1,stock,153.75999450683594,0.6503642271888489,0.0
2021-09-13 09:30:00-04:00,BuyEveryDay,da0c38944a474ba1b278a51f77d59cb2,AAPL,buy,market,new,1,gtc,0.0,1,stock,,,
2021-09-13 09:30:00-04:00,BuyEveryDay,da0c38944a474ba1b278a51f77d59cb2,AAPL,buy,market,fill,1,gtc,0.0,1,stock,150.35000610351562,0.665114705290735,0.0
2021-09-23 09:30:00-04:00,BuyEveryDay,f0a43db2370e4e77a616c5fa29d7384b,AAPL,buy,market,new,1,gtc,0.0,1,stock,,,
2021-09-23 09:30:00-04:00,BuyEveryDay,f0a43db2370e4e77a616c5fa29d7384b,AAPL,buy,market,fill,1,gtc,0.0,1,stock,145.66000366210938,0.6865302587247776,0.0
2021-10-04 09:30:00-04:00,BuyEveryDay,0c8e1ab4fa1f49588a3498d5f55837a3,AAPL,buy,market,new,1,gtc,0.0,1,stock,,,
2021-10-04 09:30:00-04:00,BuyEveryDay,0c8e1ab4fa1f49588a3498d5f55837a3,AAPL,buy,market,fill,1,gtc,0.0,1,stock,139.49000549316406,0.7168972403897472,0.0
2021-10-14 09:30:00-04:00,BuyEveryDay,1a320af0efeb4ad6b7e17f86eb0dbce5,AAPL,buy,market,new,1,gtc,0.0,1,stock,,,
2021-10-14 09:30:00-04:00,BuyEveryDay,1a320af0efeb4ad6b7e17f86eb0dbce5,AAPL,buy,market,fill,1,gtc,0.0,1,stock,143.77000427246094,0.695555380317638,0.0
2021-10-25 09:30:00-04:00,BuyEveryDay,fb3e9121520f49289aead87c43cc1629,AAPL,buy,market,new,1,gtc,0.0,1,stock,,,
2021-10-25 09:30:00-04:00,BuyEveryDay,fb3e9121520f49289aead87c43cc1629,AAPL,buy,market,fill,1,gtc,0.0,1,stock,149.3300018310547,0.6696577966505053,0.0
2021-11-04 09:30:00-04:00,BuyEveryDay,56d2a8250dae433591e85e269531580c,AAPL,buy,market,new,1,gtc,0.0,1,stock,,,
2021-11-04 09:30:00-04:00,BuyEveryDay,56d2a8250dae433591e85e269531580c,AAPL,buy,market,fill,1,gtc,0.0,1,stock,151.88999938964844,0.6583711923223247,0.0
2021-11-15 09:30:00-05:00,BuyEveryDay,fe2cd85b9fd24360afb4eec2b9dec8de,AAPL,buy,market,new,1,gtc,0.0,1,stock,,,
2021-11-15 09:30:00-05:00,BuyEveryDay,fe2cd85b9fd24360afb4eec2b9dec8de,AAPL,buy,market,fill,1,gtc,0.0,1,stock,150.3699951171875,0.6650262901323315,0.0
2021-11-26 09:30:00-05:00,BuyEveryDay,075c2917b9fb4f3a9ffb4882fded22a3,AAPL,buy,market,new,1,gtc,0.0,1,stock,,,
2021-11-26 09:30:00-05:00,BuyEveryDay,075c2917b9fb4f3a9ffb4882fded22a3,AAPL,buy,market,fill,1,gtc,0.0,1,stock,159.57000732421875,0.6266841850600234,0.0
2021-12-06 09:30:00-05:00,BuyEveryDay,a1c049fa016d40aa9f830403fbb6812e,AAPL,buy,market,new,1,gtc,0.0,1,stock,,,
2021-12-06 09:30:00-05:00,BuyEveryDay,a1c049fa016d40aa9f830403fbb6812e,AAPL,buy,market,fill,1,gtc,0.0,1,stock,164.2899932861328,0.6086797984454034,0.0
2021-12-16 09:30:00-05:00,BuyEveryDay,6141f12bf89e480eb4093135653e479a,AAPL,buy,market,new,1,gtc,0.0,1,stock,,,
2021-12-16 09:30:00-05:00,BuyEveryDay,6141f12bf89e480eb4093135653e479a,AAPL,buy,market,fill,1,gtc,0.0,1,stock,179.27999877929688,0.5577867061629405,0.0
2021-12-27 09:30:00-05:00,BuyEveryDay,df559297eada40b98490ab4e0b5b8ea0,AAPL,buy,market,new,1,gtc,0.0,1,stock,,,
2021-12-27 09:30:00-05:00,BuyEveryDay,df559297eada40b98490ab4e0b5b8ea0,AAPL,buy,market,fill,1,gtc,0.0,1,stock,177.08999633789062,0.56468463531502,0.0
2022-01-06 09:30:00-05:00,BuyEveryDay,472475e11e424f78b8260db3b1ced866,AAPL,buy,market,new,1,gtc,0.0,1,stock,,,
2022-01-06 09:30:00-05:00,BuyEveryDay,472475e11e424f78b8260db3b1ced866,AAPL,buy,market,fill,1,gtc,0.0,1,stock,172.6999969482422,0.5790388058314198,0.0
2022-01-18 09:30:00-05:00,BuyEveryDay,08a10667e4c646fa90b4fb794c9f419c,AAPL,buy,market,new,1,gtc,0.0,1,stock,,,
2022-01-18 09:30:00-05:00,BuyEveryDay,08a10667e4c646fa90b4fb794c9f419c,AAPL,buy,market,fill,1,gtc,0.0,1,stock,171.50999450683594,0.5830564002263685,0.0
2022-01-28 09:30:00-05:00,BuyEveryDay,30200e12cd994ada9b19d7616b0fa068,AAPL,buy,market,new,1,gtc,0.0,1,stock,,,
2022-01-28 09:30:00-05:00,BuyEveryDay,30200e12cd994ada9b19d7616b0fa068,AAPL,buy,market,fill,1,gtc,0.0,1,stock,165.7100067138672,0.6034638582368221,0.0
2022-02-07 09:30:00-05:00,BuyEveryDay,c82b51b6bf76450dad146b95cb17f124,AAPL,buy,market,new,1,gtc,0.0,1,stock,,,
2022-02-07 09:30:00-05:00,BuyEveryDay,c82b51b6bf76450dad146b95cb17f124,AAPL,buy,market,fill,1,gtc,0.0,1,stock,172.86000061035156,0.5785028326212536,0.0
2022-02-17 09:30:00-05:00,BuyEveryDay,4e372d842df447588088b81e0a670135,AAPL,buy,market,new,1,gtc,0.0,1,stock,,,
2022-02-17 09:30:00-05:00,BuyEveryDay,4e372d842df447588088b81e0a670135,AAPL,buy,market,fill,1,gtc,0.0,1,stock,171.02999877929688,0.5846927481362115,0.0
2022-02-28 09:30:00-05:00,BuyEveryDay,40320e9316964d60888d79f46435e97d,AAPL,buy,market,new,1,gtc,0.0,1,stock,,,
2022-02-28 09:30:00-05:00,BuyEveryDay,40320e9316964d60888d79f46435e97d,AAPL,buy,market,fill,1,gtc,0.0,1,stock,163.05999755859375,0.6132711977017302,0.0
2022-03-10 09:30:00-05:00,BuyEveryDay,72f03fc88f7147128f597f2ef9c3512a,AAPL,buy,market,new,1,gtc,0.0,1,stock,,,
2022-03-10 09:30:00-05:00,BuyEveryDay,72f03fc88f7147128f597f2ef9c3512a,AAPL,buy,market,fill,1,gtc,0.0,1,stock,160.1999969482422,0.6242197372345035,0.0
2022-03-21 09:30:00-04:00,BuyEveryDay,3c8eca19a1484c518b86267b2bfd6d55,AAPL,buy,market,new,1,gtc,0.0,1,stock,,,
2022-03-21 09:30:00-04:00,BuyEveryDay,3c8eca19a1484c518b86267b2bfd6d55,AAPL,buy,market,fill,1,gtc,0.0,1,stock,165.50999450683594,0.6041931201675544,0.0
2022-03-31 09:30:00-04:00,BuyEveryDay,0fcc60555b264010933d882b176c8a80,AAPL,buy,market,new,1,gtc,0.0,1,stock,,,
2022-03-31 09:30:00-04:00,BuyEveryDay,0fcc60555b264010933d882b176c8a80,AAPL,buy,market,fill,1,gtc,0.0,1,stock,174.02999877929688,0.5746135764031063,0.0
2022-04-11 09:30:00-04:00,BuyEveryDay,2986c92e548a49d18696eb80b0ab5568,AAPL,buy,market,new,1,gtc,0.0,1,stock,,,
2022-04-11 09:30:00-04:00,BuyEveryDay,2986c92e548a49d18696eb80b0ab5568,AAPL,buy,market,fill,1,gtc,0.0,1,stock,168.02000427246094,0.5951672268609169,0.0
2022-04-21 09:30:00-04:00,BuyEveryDay,98a63e38f57445eb9997842cc8564766,AAPL,buy,market,new,1,gtc,0.0,1,stock,,,
2022-04-21 09:30:00-04:00,BuyEveryDay,98a63e38f57445eb9997842cc8564766,AAPL,buy,market,fill,1,gtc,0.0,1,stock,166.4600067138672,0.6007448994754208,0.0
2022-05-02 09:30:00-04:00,BuyEveryDay,5bdd888720b04e96872d21fcc7798955,AAPL,buy,market,new,1,gtc,0.0,1,stock,,,
2022-05-02 09:30:00-04:00,BuyEveryDay,5bdd888720b04e96872d21fcc7798955,AAPL,buy,market,fill,1,gtc,0.0,1,stock,158.14999389648438,0.6323111214626671,0.0
2022-05-12 09:30:00-04:00,BuyEveryDay,b5b7b2d6ccd74e22a315c041cfe2f914,AAPL,buy,market,new,1,gtc,0.0,1,stock,,,
2022-05-12 09:30:00-04:00,BuyEveryDay,b5b7b2d6ccd74e22a315c041cfe2f914,AAPL,buy,market,fill,1,gtc,0.0,1,stock,144.58999633789062,0.6916107789802498,0.0
2022-05-23 09:30:00-04:00,BuyEveryDay,7bb907a6e93449c49385b12fea062f53,AAPL,buy,market,new,1,gtc,0.0,1,stock,,,
2022-05-23 09:30:00-04:00,BuyEveryDay,7bb907a6e93449c49385b12fea062f53,AAPL,buy,market,fill,1,gtc,0.0,1,stock,140.80999755859375,0.7101768463449343,0.0
2022-06-02 09:30:00-04:00,BuyEveryDay,b24c65f7fc384473ab5d18a8985d87ad,AAPL,buy,market,new,1,gtc,0.0,1,stock,,,
2022-06-02 09:30:00-04:00,BuyEveryDay,b24c65f7fc384473ab5d18a8985d87ad,AAPL,buy,market,fill,1,gtc,0.0,1,stock,146.89999389648438,0.6807352222932476,0.0
2022-06-13 09:30:00-04:00,BuyEveryDay,d6c07f689f0d4e8cbbfd87d56adbf904,AAPL,buy,market,new,1,gtc,0.0,1,stock,,,
2022-06-13 09:30:00-04:00,BuyEveryDay,d6c07f689f0d4e8cbbfd87d56adbf904,AAPL,buy,market,fill,1,gtc,0.0,1,stock,133.1300048828125,0.7511454693329641,0.0
2022-06-23 09:30:00-04:00,BuyEveryDay,f82f624057ed4924a5b2a3eaa76a6d67,AAPL,buy,market,new,1,gtc,0.0,1,stock,,,
2022-06-23 09:30:00-04:00,BuyEveryDay,f82f624057ed4924a5b2a3eaa76a6d67,AAPL,buy,market,fill,1,gtc,0.0,1,stock,139.89999389648438,0.7147963142442493,0.0
2022-07-05 09:30:00-04:00,BuyEveryDay,fbd20a4c17bf4453b2a3acd26ec9bd31,AAPL,buy,market,new,1,gtc,0.0,1,stock,,,
2022-07-05 09:30:00-04:00,BuyEveryDay,fbd20a4c17bf4453b2a3acd26ec9bd31,AAPL,buy,market,fill,1,gtc,0.0,1,stock,141.35000610351562,0.7074637119348014,0.0
2022-07-15 09:30:00-04:00,BuyEveryDay,be0961dd12fb4e088fe0e16b721fcf90,AAPL,buy,market,new,1,gtc,0.0,1,stock,,,
2022-07-15 09:30:00-04:00,BuyEveryDay,be0961dd12fb4e088fe0e16b721fcf90,AAPL,buy,market,fill,1,gtc,0.0,1,stock,149.77999877929688,0.6676458860662132,0.0
2022-07-25 09:30:00-04:00,BuyEveryDay,ca7aec5e6f4b45b383ad322c45cbbca2,AAPL,buy,market,new,1,gtc,0.0,1,stock,,,
2022-07-25 09:30:00-04:00,BuyEveryDay,ca7aec5e6f4b45b383ad322c45cbbca2,AAPL,buy,market,fill,1,gtc,0.0,1,stock,152.25999450683594,0.6567713359237666,0.0
2022-08-04 09:30:00-04:00,BuyEveryDay,ea0f7b72544441d2b7f0f85de60b6001,AAPL,buy,market,new,1,gtc,0.0,1,stock,,,
2022-08-04 09:30:00-04:00,BuyEveryDay,ea0f7b72544441d2b7f0f85de60b6001,AAPL,buy,market,fill,1,gtc,0.0,1,stock,163.2100067138672,0.6127075294795847,0.0
2022-08-15 09:30:00-04:00,BuyEveryDay,c3100274b70d49818035ae4da8f611ee,AAPL,buy,market,new,1,gtc,0.0,1,stock,,,
2022-08-15 09:30:00-04:00,BuyEveryDay,c3100274b70d49818035ae4da8f611ee,AAPL,buy,market,fill,1,gtc,0.0,1,stock,172.77999877929688,0.5787706951412617,0.0
2022-08-25 09:30:00-04:00,BuyEveryDay,3d264209630f472ca19c98bc7f876dd8,AAPL,buy,market,new,1,gtc,0.0,1,stock,,,
2022-08-25 09:30:00-04:00,BuyEveryDay,3d264209630f472ca19c98bc7f876dd8,AAPL,buy,market,fill,1,gtc,0.0,1,stock,170.57000732421875,0.5862695415725722,0.0
2022-09-06 09:30:00-04:00,BuyEveryDay,654ccc53542a42c19e8bd8424021211a,AAPL,buy,market,new,1,gtc,0.0,1,stock,,,
2022-09-06 09:30:00-04:00,BuyEveryDay,654ccc53542a42c19e8bd8424021211a,AAPL,buy,market,fill,1,gtc,0.0,1,stock,154.82000732421875,0.6459113504017826,0.0
2022-09-16 09:30:00-04:00,BuyEveryDay,2d62e01c20a4496cb22a4e3457060867,AAPL,buy,market,new,1,gtc,0.0,1,stock,,,
2022-09-16 09:30:00-04:00,BuyEveryDay,2d62e01c20a4496cb22a4e3457060867,AAPL,buy,market,fill,1,gtc,0.0,1,stock,151.2100067138672,0.6613318931281363,0.0
2022-09-26 09:30:00-04:00,BuyEveryDay,41e30603373140f9b72164602c66c365,AAPL,buy,market,new,1,gtc,0.0,1,stock,,,
2022-09-26 09:30:00-04:00,BuyEveryDay,41e30603373140f9b72164602c66c365,AAPL,buy,market,fill,1,gtc,0.0,1,stock,152.74000549316406,0.6547073222704286,0.0
2022-10-06 09:30:00-04:00,BuyEveryDay,f5d62e9bc17d49f9b79b24814d465bdd,AAPL,buy,market,new,1,gtc,0.0,1,stock,,,
2022-10-06 09:30:00-04:00,BuyEveryDay,f5d62e9bc17d49f9b79b24814d465bdd,AAPL,buy,market,fill,1,gtc,0.0,1,stock,142.5399932861328,0.7015574906002794,0.0
2022-10-17 09:30:00-04:00,BuyEveryDay,57f26becdf2c4956bc55b28d79930cc4,AAPL,buy,market,new,1,gtc,0.0,1,stock,,,
2022-10-17 09:30:00-04:00,BuyEveryDay,57f26becdf2c4956bc55b28d79930cc4,AAPL,buy,market,fill,1,gtc,0.0,1,stock,145.49000549316406,0.6873324367610844,0.0
2022-10-27 09:30:00-04:00,BuyEveryDay,1b83010d2dae404caa064502380cebcd,AAPL,buy,market,new,1,gtc,0.0,1,stock,,,
2022-10-27 09:30:00-04:00,BuyEveryDay,1b83010d2dae404caa064502380cebcd,AAPL,buy,market,fill,1,gtc,0.0,1,stock,148.1999969482422,0.6747638465534133,0.0
2022-11-07 09:30:00-05:00,BuyEveryDay,5ac708bd6d5f4310ab5c7793cfa34404,AAPL,buy,market,new,1,gtc,0.0,1,stock,,,
2022-11-07 09:30:00-05:00,BuyEveryDay,5ac708bd6d5f4310ab5c7793cfa34404,AAPL,buy,market,fill,1,gtc,0.0,1,stock,137.11000061035156,0.7293414014648482,0.0
2022-11-17 09:30:00-05:00,BuyEveryDay,5e15accace3b4ec78e69172b47842421,AAPL,buy,market,new,1,gtc,0.0,1,stock,,,
2022-11-17 09:30:00-05:00,BuyEveryDay,5e15accace3b4ec78e69172b47842421,AAPL,buy,market,fill,1,gtc,0.0,1,stock,146.42999267578125,0.6829202007912104,0.0
2022-11-28 09:30:00-05:00,BuyEveryDay,a0429375d2c64b6da76699ed1469f751,AAPL,buy,market,new,1,gtc,0.0,1,stock,,,
2022-11-28 09:30:00-05:00,BuyEveryDay,a0429375d2c64b6da76699ed1469f751,AAPL,buy,market,fill,1,gtc,0.0,1,stock,145.13999938964844,0.6889899436442476,0.0
2022-12-08 09:30:00-05:00,BuyEveryDay,564b6935943c4bbe87864b9e8943c27d,AAPL,buy,market,new,1,gtc,0.0,1,stock,,,
2022-12-08 09:30:00-05:00,BuyEveryDay,564b6935943c4bbe87864b9e8943c27d,AAPL,buy,market,fill,1,gtc,0.0,1,stock,142.36000061035156,0.702444503872309,0.0
2022-12-19 09:30:00-05:00,BuyEveryDay,51f041c25c8547bdb4a1d3fe838f4cee,AAPL,buy,market,new,1,gtc,0.0,1,stock,,,
2022-12-19 09:30:00-05:00,BuyEveryDay,51f041c25c8547bdb4a1d3fe838f4cee,AAPL,buy,market,fill,1,gtc,0.0,1,stock,135.11000061035156,0.7401376622622738,0.0
2022-12-29 09:30:00-05:00,BuyEveryDay,bdb5ed326a804f0599a6b908ddd3a746,AAPL,buy,market,new,1,gtc,0.0,1,stock,,,
2022-12-29 09:30:00-05:00,BuyEveryDay,bdb5ed326a804f0599a6b908ddd3a746,AAPL,buy,market,fill,1,gtc,0.0,1,stock,127.98999786376953,0.7813110529655479,0.0
2023-01-09 09:30:00-05:00,BuyEveryDay,43b8e8bf2b6448848d2a44d27aaddd57,AAPL,buy,market,new,1,gtc,0.0,1,stock,,,
2023-01-09 09:30:00-05:00,BuyEveryDay,43b8e8bf2b6448848d2a44d27aaddd57,AAPL,buy,market,fill,1,gtc,0.0,1,stock,130.47000122070312,0.7664597153704318,0.0
2023-01-19 09:30:00-05:00,BuyEveryDay,a09a4294f7464afaa801678af1130864,AAPL,buy,market,new,1,gtc,0.0,1,stock,,,
2023-01-19 09:30:00-05:00,BuyEveryDay,a09a4294f7464afaa801678af1130864,AAPL,buy,market,fill,1,gtc,0.0,1,stock,134.0800018310547,0.7458233788361919,0.0
2023-01-30 09:30:00-05:00,BuyEveryDay,35e73219fdf94000bd8ab71ecb279131,AAPL,buy,market,new,1,gtc,0.0,1,stock,,,
2023-01-30 09:30:00-05:00,BuyEveryDay,35e73219fdf94000bd8ab71ecb279131,AAPL,buy,market,fill,1,gtc,0.0,1,stock,144.9600067138672,0.6898454426632817,0.0
2023-02-09 09:30:00-05:00,BuyEveryDay,c7c3c2d7042644cb92afaf4ea0613746,AAPL,buy,market,new,1,gtc,0.0,1,stock,,,
2023-02-09 09:30:00-05:00,BuyEveryDay,c7c3c2d7042644cb92afaf4ea0613746,AAPL,buy,market,fill,1,gtc,0.0,1,stock,153.77999877929688,0.6502796253986108,0.0
2023-02-21 09:30:00-05:00,BuyEveryDay,bd6eb65bc6cb4acfaedc74fbdc98243a,AAPL,buy,market,new,1,gtc,0.0,1,stock,,,
2023-02-21 09:30:00-05:00,BuyEveryDay,bd6eb65bc6cb4acfaedc74fbdc98243a,AAPL,buy,market,fill,1,gtc,0.0,1,stock,150.1999969482422,0.6657789749120918,0.0
2023-03-03 09:30:00-05:00,BuyEveryDay,88c8da08219c43cead9041dc36b8e4aa,AAPL,buy,market,new,1,gtc,0.0,1,stock,,,
2023-03-03 09:30:00-05:00,BuyEveryDay,88c8da08219c43cead9041dc36b8e4aa,AAPL,buy,market,fill,1,gtc,0.0,1,stock,148.0399932861328,0.6754931406050475,0.0
2023-03-13 10:30:00-04:00,BuyEveryDay,3253a7c16c5c4bd68c020e1ef25fe798,AAPL,buy,market,new,1,gtc,0.0,1,stock,,,
2023-03-13 10:30:00-04:00,BuyEveryDay,3253a7c16c5c4bd68c020e1ef25fe798,AAPL,buy,market,fill,1,gtc,0.0,1,stock,151.27999877929688,0.6610259175496854,0.0
2023-03-23 10:30:00-04:00,BuyEveryDay,a63145b666df44ad9cf4328e1fe1eb51,AAPL,buy,market,new,1,gtc,0.0,1,stock,,,
2023-03-23 10:30:00-04:00,BuyEveryDay,a63145b666df44ad9cf4328e1fe1eb51,AAPL,buy,market,fill,1,gtc,0.0,1,stock,158.86000061035156,0.6294850787850484,0.0
2023-04-03 09:30:00-04:00,BuyEveryDay,94d535cbbfc04324b8fcb79839fb3957,AAPL,buy,market,new,1,gtc,0.0,1,stock,,,
2023-04-03 09:30:00-04:00,BuyEveryDay,94d535cbbfc04324b8fcb79839fb3957,AAPL,buy,market,fill,1,gtc,0.0,1,stock,166.60000610351562,0.6002400740481713,0.0
2023-04-13 09:30:00-04:00,BuyEveryDay,71e25128ad3b438f90876c7f1bb4d2ea,AAPL,buy,market,new,1,gtc,0.0,1,stock,,,
2023-04-13 09:30:00-04:00,BuyEveryDay,71e25128ad3b438f90876c7f1bb4d2ea,AAPL,buy,market,fill,1,gtc,0.0,1,stock,164.58999633789062,0.6075703397836384,0.0
2023-04-24 09:30:00-04:00,BuyEveryDay,810c59ddc0c34b609c218d84bfd0fc63,AAPL,buy,market,new,1,gtc,0.0,1,stock,,,
2023-04-24 09:30:00-04:00,BuyEveryDay,810c59ddc0c34b609c218d84bfd0fc63,AAPL,buy,market,fill,1,gtc,0.0,1,stock,165.19000244140625,0.6053635118473378,0.0
2023-05-04 09:30:00-04:00,BuyEveryDay,cf025df2a724418daf259e78a428f226,AAPL,buy,market,new,1,gtc,0.0,1,stock,,,
2023-05-04 09:30:00-04:00,BuyEveryDay,cf025df2a724418daf259e78a428f226,AAPL,buy,market,fill,1,gtc,0.0,1,stock,170.97999572753906,0.5848637413662855,0.0
2023-05-15 09:30:00-04:00,BuyEveryDay,20667d080c9e4981aa7451314844065f,AAPL,buy,market,new,1,gtc,0.0,1,stock,,,
2023-05-15 09:30:00-04:00,BuyEveryDay,20667d080c9e4981aa7451314844065f,AAPL,buy,market,fill,1,gtc,0.0,1,stock,171.99000549316406,0.5814291342875422,0.0
2023-05-25 09:30:00-04:00,BuyEveryDay,34719c952c55484b82316792ab70f25a,AAPL,buy,market,new,1,gtc,0.0,1,stock,,,
2023-05-25 09:30:00-04:00,BuyEveryDay,34719c952c55484b82316792ab70f25a,AAPL,buy,market,fill,1,gtc,0.0,1,stock,173.32000732421875,0.5769674346536136,0.0
2023-06-05 09:30:00-04:00,BuyEveryDay,e6d04659f9484a849c36729ea29101f1,AAPL,buy,market,new,1,gtc,0.0,1,stock,,,
2023-06-05 09:30:00-04:00,BuyEveryDay,e6d04659f9484a849c36729ea29101f1,AAPL,buy,market,fill,1,gtc,0.0,1,stock,179.97000122070312,0.555648159813961,0.0
2023-06-15 09:30:00-04:00,BuyEveryDay,387414a4c11b41e28be51dfa5281db14,AAPL,buy,market,new,1,gtc,0.0,1,stock,,,
2023-06-15 09:30:00-04:00,BuyEveryDay,387414a4c11b41e28be51dfa5281db14,AAPL,buy,market,fill,1,gtc,0.0,1,stock,186.72999572753906,0.5355325994111397,0.0
2023-06-26 09:30:00-04:00,BuyEveryDay,683a0f573f3b496b934c62a2d21c950d,AAPL,buy,market,new,1,gtc,0.0,1,stock,,,
2023-06-26 09:30:00-04:00,BuyEveryDay,683a0f573f3b496b934c62a2d21c950d,AAPL,buy,market,fill,1,gtc,0.0,1,stock,185.88999938964844,0.5379525543511764,0.0
2023-07-06 09:30:00-04:00,BuyEveryDay,3711de9b79514c9eb25aa3c8c5b88b8a,AAPL,buy,market,new,1,gtc,0.0,1,stock,,,
2023-07-06 09:30:00-04:00,BuyEveryDay,3711de9b79514c9eb25aa3c8c5b88b8a,AAPL,buy,market,fill,1,gtc,0.0,1,stock,191.41000366210938,0.5224387340618161,0.0
2023-07-17 09:30:00-04:00,BuyEveryDay,d9d66927e60b4c85968b8b93c25089bb,AAPL,buy,market,new,1,gtc,0.0,1,stock,,,
2023-07-17 09:30:00-04:00,BuyEveryDay,d9d66927e60b4c85968b8b93c25089bb,AAPL,buy,market,fill,1,gtc,0.0,1,stock,193.35000610351562,0.5171967770534336,0.0
2023-07-27 09:30:00-04:00,BuyEveryDay,dba4a608505646d4badbd651652e04bb,AAPL,buy,market,new,1,gtc,0.0,1,stock,,,
2023-07-27 09:30:00-04:00,BuyEveryDay,dba4a608505646d4badbd651652e04bb,AAPL,buy,market,fill,1,gtc,0.0,1,stock,194.6699981689453,0.5136898389099203,0.0
2023-08-07 09:30:00-04:00,BuyEveryDay,a5cc480d4f9c4b76bc0422a7d1cc927f,AAPL,buy,market,new,1,gtc,0.0,1,stock,,,
2023-08-07 09:30:00-04:00,BuyEveryDay,a5cc480d4f9c4b76bc0422a7d1cc927f,AAPL,buy,market,fill,1,gtc,0.0,1,stock,179.69000244140625,0.5565139887657815,0.0
2023-08-17 09:30:00-04:00,BuyEveryDay,09e329e2fb0f42bfb0f97f9673d77a04,AAPL,buy,market,new,1,gtc,0.0,1,stock,,,
2023-08-17 09:30:00-04:00,BuyEveryDay,09e329e2fb0f42bfb0f97f9673d77a04,AAPL,buy,market,fill,1,gtc,0.0,1,stock,172.3000030517578,0.58038304253518,0.0
2023-08-28 09:30:00-04:00,BuyEveryDay,c3b1c4d3c10e45308242d764f6735ff4,AAPL,buy,market,new,1,gtc,0.0,1,stock,,,
2023-08-28 09:30:00-04:00,BuyEveryDay,c3b1c4d3c10e45308242d764f6735ff4,AAPL,buy,market,fill,1,gtc,0.0,1,stock,179.6999969482422,0.5564830367181495,0.0
2023-09-07 09:30:00-04:00,BuyEveryDay,a0eda5d4b8354958b2a0c5c0fe58a913,AAPL,buy,market,new,1,gtc,0.0,1,stock,,,
2023-09-07 09:30:00-04:00,BuyEveryDay,a0eda5d4b8354958b2a0c5c0fe58a913,AAPL,buy,market,fill,1,gtc,0.0,1,stock,178.35000610351562,0.5606952429368535,0.0
2023-09-18 09:30:00-04:00,BuyEveryDay,1ff0f831cf75449085f389c2766962be,AAPL,buy,market,new,1,gtc,0.0,1,stock,,,
2023-09-18 09:30:00-04:00,BuyEveryDay,1ff0f831cf75449085f389c2766962be,AAPL,buy,market,fill,1,gtc,0.0,1,stock,177.52000427246094,0.56331679581597,0.0
2023-09-28 09:30:00-04:00,BuyEveryDay,83411e392c95400db1602ae3d390cfe2,AAPL,buy,market,new,1,gtc,0.0,1,stock,,,
2023-09-28 09:30:00-04:00,BuyEveryDay,83411e392c95400db1602ae3d390cfe2,AAPL,buy,market,fill,1,gtc,0.0,1,stock,172.02000427246094,0.5813277381484708,0.0
2023-10-09 09:30:00-04:00,BuyEveryDay,879275d314854d43ac7392c47ce3e048,AAPL,buy,market,new,1,gtc,0.0,1,stock,,,
2023-10-09 09:30:00-04:00,BuyEveryDay,879275d314854d43ac7392c47ce3e048,AAPL,buy,market,fill,1,gtc,0.0,1,stock,178.10000610351562,0.5614822940650424,0.0
2023-10-19 09:30:00-04:00,BuyEveryDay,7750fc9044aa49c5a8b0af736a7604a4,AAPL,buy,market,new,1,gtc,0.0,1,stock,,,
2023-10-19 09:30:00-04:00,BuyEveryDay,7750fc9044aa49c5a8b0af736a7604a4,AAPL,buy,market,fill,1,gtc,0.0,1,stock,175.30999755859375,0.5704181244231497,0.0
2023-10-30 09:30:00-04:00,BuyEveryDay,31845fb2f3834ebf93c705c57ba40ecf,AAPL,buy,market,new,1,gtc,0.0,1,stock,,,
2023-10-30 09:30:00-04:00,BuyEveryDay,31845fb2f3834ebf93c705c57ba40ecf,AAPL,buy,market,fill,1,gtc,0.0,1,stock,169.35000610351562,0.590493040424662,0.0
2023-11-09 09:30:00-05:00,BuyEveryDay,11a8614f41f644f89c235cd0ae9e898f,AAPL,buy,market,new,1,gtc,0.0,1,stock,,,
2023-11-09 09:30:00-05:00,BuyEveryDay,11a8614f41f644f89c235cd0ae9e898f,AAPL,buy,market,fill,1,gtc,0.0,1,stock,182.9600067138672,0.5465675356931469,0.0
2023-11-20 09:30:00-05:00,BuyEveryDay,e707794bf673402db1bc54e05f031c67,AAPL,buy,market,new,1,gtc,0.0,1,stock,,,
2023-11-20 09:30:00-05:00,BuyEveryDay,e707794bf673402db1bc54e05f031c67,AAPL,buy,market,fill,1,gtc,0.0,1,stock,189.88999938964844,0.5266206768203895,0.0
2023-11-30 09:30:00-05:00,BuyEveryDay,c2ec6597ea63457faef55c4d68d320e0,AAPL,buy,market,new,1,gtc,0.0,1,stock,,,
2023-11-30 09:30:00-05:00,BuyEveryDay,c2ec6597ea63457faef55c4d68d320e0,AAPL,buy,market,fill,1,gtc,0.0,1,stock,189.83999633789062,0.5267593864783527,0.0
2023-12-11 09:30:00-05:00,BuyEveryDay,0b61b997fae14b2b89491d01b01e76c5,AAPL,buy,market,new,1,gtc,0.0,1,stock,,,
2023-12-11 09:30:00-05:00,BuyEveryDay,0b61b997fae14b2b89491d01b01e76c5,AAPL,buy,market,fill,1,gtc,0.0,1,stock,193.11000061035156,0.5178395716634862,0.0
2023-12-21 09:30:00-05:00,BuyEveryDay,186b16bd5efe46fbb713c5e0ddb0eb9a,AAPL,buy,market,new,1,gtc,0.0,1,stock,,,
2023-12-21 09:30:00-05:00,BuyEveryDay,186b16bd5efe46fbb713c5e0ddb0eb9a,AAPL,buy,market,fill,1,gtc,0.0,1,stock,196.10000610351562,0.5099438902985696,0.0
